Image,title,collectedBy,secondaryCollectors,phylum,family,genus,specificEpithet,infraspecificEpithet,scientificNameAuthorship,identifiedBy,dateIdentified,acceptedScientificName,otherScientificName,scientificName,associatedTaxa,verbatimEventDate,eventDate,country,countryCode,firstPoliticalUnit,secondPoliticalUnit,city,verbatimLocality,locality,habitat,substrate,verbatimElevation,maximumElevationInMeters,minimumElevationInMeters,verbatimCoordinates,decimalLatitude,decimalLongitude,collectionCode,recordNumber,catalogNumber,language,languageRemarks,originalMethod,typeStatus,occuranceRemarks,sex,reproductiveCondition,generalNotes,expeditionFundedBy,generalInformationAboutThePlantSpecimenItself,rawFormat
0000_C0000578F.jpg,,John j. engel,Matt von konrat & john e. braggins,,,,,,,Engel & Merr.,,,,,"Blechnum novae-zelandiae, Weinmannia, Dicksonia squarrosa, Leptospermum scoparium",12 February 2003,,New Zealand,,Auckland,N/A,,"NORTH ISLAND. AUCKLAND PROV.: Whareorino Forest, start of track to Leitch's Hut","Whareorino Forest, start of track to Leitch's Hut","On clayey bank with Blechnum novae-zelandiae overhang, Weinmannia and Dicksonia squarrosa dominant canopy and occasional Leptospermum scoparium",Soil,280 m,,,"38° 24.5' S., 174° 49.8' E.",,,,23773,,,,Typed,holotype,,,,,,,
0001_C0020052F.jpg,,R. M. Schuster,K. Damsholt,,,,,,,R. M. Schuster,,,,,Cephalozia bicuspidata (L.) DUM.,July 3.,,Greenland,,South Greenland,N/A,,"Frederiksdal 60°00'N lat., 44°40'W. long.",Frederiksdal,N/A,N/A,N/A,,,"60°00'N lat., 44°40'W. long.",,,,82-1049,,,,Typed,no type status,,,,,,,
0002_C0025138F.jpg,,R. M. Schuster,N/A,,,,,,,N/A,,,,,N/A,June 30 1951,,United States of America,,North Carolina,N/A,,"Balsam Gap, N.C., ca. 25 mi. n. of Asheville, along Blue Ridge Parkway","Balsam Gap, approximately 25 miles north of Asheville, along Blue Ridge Parkway",On Abies fraseri,N/A,5220-5260 feet,,,N/A,,,,9067,,,,Typed,no type status,,,,,,,
0003_C0025164F.jpg,,R. M. Schuster,N/A,,,,,,,R. M. Schuster,,,,,N/A,April 14 19 79,,United States,,Arkansas,Stone,,"Ozark Natl. Forest. Barkshed Camp, ca. 10 mi E. of Big Flat.","Ozark National Forest, Barkshed Camp, approximately 10 miles East of Big Flat.",N/A,N/A,N/A,,,N/A,,,,79-488,,,,Typed,no type status,,,,,,,
0004_C0020034F.jpg,,R. M. Schuster,N/A,,,,,,,N/A,,,,,Diplophyllum taxifolium + gemmae 68-1644a,Aug. 17 68,,Newfoundland,,N/A,N/A,,"Along Humber R., in Squires Memorial Park, near Rte 1A.","Along Humber River, in Squires Memorial Park, near Route 1A",N/A,N/A,N/A,,,N/A,,,,68-1644,,,,Typed,no type status,,,,,,,
0005_C0045536F_1586622756_web.jpg,,Thomas G. Lammers,N/A,,,,,,,N/A,,,,,N/A,9 May 1998,,United States of America,,Illinois,Cook,,"Cook Co.: Palos Twp. Swallow Cliffs Woods Forest Preserve, southwest of the jct. of US Hwy 45 and State Hwy 83. Local in mesic maple-basswood forest on steep slopes of deep ravine south of toboggan run.","Swallow Cliffs Woods Forest Preserve, southwest of the junction of US Hwy 45 and State Hwy 83, south of toboggan run",Local in mesic maple-basswood forest on steep slopes of deep ravine,soil,N/A,,,N/A,,,,10674,,,,Typed,no type status,,,,,,,
0006_C2077559F.jpg,,Marko,N/A,,,,,,,Erwin de Luna,,,,,N/A,8 December 1978,,Ecuador,,Azuay,N/A,,"""Area Nacional de Recreación ""Cajas"", forested hills S. of ""Surrocucho"" (Laguna Llaviucu), S of Sayausí""","Area Nacional de Recreación ""Cajas"", forested hills south of ""Surrocucho"" (Laguna Llaviucu), south of Sayausí",Forested hills,Stone wall,3240 m.,,,N/A,,,,70-8163,,,,Typed,no type status,,,,,,,
0007_C2079898F.jpg,,Marko,N/A,,,,,,,V. C. Steere,,,,,N/A,21-22 November 1978,,Ecuador,,Imbabura,N/A,,"Wet bank of runoff ravine. E side of Cerro Cotacachi, NW of Otavalo","Wet bank of runoff ravine, East side of Cerro Cotacachi",Wet bank of runoff ravine,N/A,3750 m.,,,"0°22'N, 78°20'W",,,,768-6841,,,,Typed,no type status,,,,,,,
0008_C0644079F.jpg,,A. Monteagudo,"C. Mateo, G. Ortiz",,,,,,,H. van der Werff,,,,,N/A,10 Abril 2003,,Peru,,Pasco,Oxapampa,,"Parque Nacional Yanachaga Chemillen Pozuzo Sector Pan de Azúcar, Zona de Recuperación","Parque Nacional Yanachaga Chemillen, Sector Pan de Azúcar, Zona de Recuperación",Bosque ribereño,tierra,1100-1250m,,,10°15' 75°13'W,,,,4909,,,,Typed,no type status,,,,,,,
0009_V0075836F.jpg,,S. Knapp,N/A,,,,,,,Robert G. Stolze,,,,,N/A,4 July 1982,,Panama,,Colón,N/A,,"Santa Rita Ridge road, 21-26 km from Transisthmian Highway","Santa Rita Ridge road, 21-26 kilometers from Transisthmian Highway",Tropical wet forest,soil,500-550 m.,,,"9° 22'N, 79° 37'W",,,,5881,,,,Mix of Handwritten and Typed,HOLOTYPE,,,,,,,
0010_BR0000006918378.jpg,,Bart Van de Vijver,W. Van Looken,,,,,,,N/A,,,,,N/A,25/04/2007,,ITALIA,,N/A,N/A,,Promontorio del Gargano / Madonna di Loreto Behind the Chapel of Madonna di Loreto,Promontorio del Gargano / Madonna di Loreto Behind the Chapel of Madonna di Loreto,macchia-shrub with Cistus and Pinus,N/A,N/A,,,N/A,,,,N/A,,,,Typed,no type status,,,,,,,
0011_K000263710.jpg,,J.j. de wilde,B.j.m. de wilde-sosef & h. van nek,,,,,,,Jongkind,,,,,N/A,22-1-1991,,Gabon,,N/A,N/A,,"About 10 km. on the road from N'Tchambélé to Vesso, Ogooué-Ivindo Province",About 10 kilometers on the road from N'Tchambélé to Vesso,Unknown,N/A,alt. 580 m.,,,N/A,,,,10130,,,,Typed,ISOTYPE,,,,,,,
0012_B%2010%200385068.jpg,,H. Béharzan,"J. Bisse, M. A. Díaz, H. Dietrich, L. Gonzalez, R. Geigel, J. Guitérrez, E. Köhler, L. Lepper, U. Rändel, H. Scharaschmidt",,,,,,,H. Manitz,,,,,N/A,09-11-1979,,Cuba,,Guantanamo,N/A,,"Abra de Mariana, loma al oeste del barranco","Abra de Mariana, loma west of barranco",N/A,N/A,"1,150-1,700m",,,20 45 20 N 74 57 40 W,,,,HFC 39098,,,,Typed,Isotypus,,,,,,,
0013_B%2010%200185601.jpg,,M. l'abbé Delavay,N/A,,,,,,,N/A,,,,,N/A,2 avril 1887,,China,,Yunnan,N/A,,Plantes de CÚINE (Province de YUN-NAN),N/A,N/A,soil,3200-3700 m.,,,N/A,,,,N/A,,,,Handwritten,no type status,,,,,,,
0014_K000773283.jpg,,R.t. lowe,N/A,,,,,,,N/A,,,,,N/A,"Aug. 2, 1831",,N/A,,N/A,N/A,,N/A,N/A,N/A,Soil,N/A,,,N/A,,,,648,,,,Handwritten,no type status,,,,,,,
0015_K001207911.jpg,,G hatschbach,"M. Souza, I. Cordeiro",,,,,,,N/A,,,,,N/A,19-08-1961,,Brazil,,Paraná,N/A,,Rio Iguacu prox a barra do rio Perdido (mm. Lages),Rio Iguaçu close to the confluence with Rio Perdido,In terreno arenoso margens de rio,soil,850-880m,,,N/A,,,,60804,,,,Typed,no type status,,,,,,,
0016_EIG.435.jpg,,T. Kukkonen,N/A,,,,,,,J. Sarvela,,,,,N/A,8.XI.1982,,Ethiopia,,Bale Adm. Reg.,N/A,,"Saneti plateau and Mount Batu, 06°55'N 39°40'E, alpine belt dominated by Festuca schlefserlii, Euryops pasteuri, Anthemis tigreensis","Saneti plateau and Mount Batu, alpine belt","On the way to Saneti plateau from Robe. Steep forested slope of a river canyon, E.J. Juniperus procera, pastured slope.",soil,c. 4000-4200 m,,,06°55'N 39°40'E,,,,12608,,,,Typed,no type status,,,,,,,
0017_B%2010%200069251.jpg,,Joint expedition with forestry herbarium,Rijksherbarium leiden,,,,,,,Kessler,,,,,N/A,21.12.1988,,Sarawak,,1st Division,N/A,,Base of Gunung Pueh,Base of Gunung Pueh,Secondary vegetation along road,N/A,alt. up to 200 m.,,,N/A,,,,283,,,,Typed,No type status,,,,,,,
0018_K000931304.jpg,,E. C. E. Oliveira,"V. Mello, K. Pinheiro",,,,,,,G. P. Lewis,,,,,N/A,23/VI/2007,,Brasil,,Pernambuco,Municipio de Mirandiba,,Município de Mirandiba. Serra das Umburanas (afloramento rochoso),Serra das Umburanas,"Ao longo do arbusto, semidecídua, sítio embasamento cristalino.",N/A,457 m,,,S: 08°21'S    Long: 38°32'W.,,,,309,,,,Typed,no type status,,,,,,,
0019_B%2010%200279821.jpg,,M. Jacobs,N/A,,,,,,,N/A,,,,,N/A,Aug. 1,,Borneo,,Sarawak,1st div,,"Sarawak, 1st div, Slopes of Mount Penrissen (S. of Kuching), approx. 1°5'N., 110°5'E.",Slopes of Mount Penrissen (S. of Kuching),In very moist sandstone gorge on rocks,rock,c. 700-900 M.,,,"approx. 1°5'N., 110°5'E.",,,,5005,,,,Typed,no type status,,,,,,,
0020_E00570050.jpg,,M. Valente,"M. L. I. Maunder, C. Aellig, L. Barri, D. Vallejo",,,,,,,M. Valente,,,,,N/A,22 Mar 2012,,Scotland,,N/A,N/A,,"Loch Lomond, Inchcailloch, NS 37853 91159; WGS84 coordinates: N 56.02509 W -4.53678","Loch Lomond, Inchcailloch",Occurring on the banks of a stream on a substrate of sand and silt,sand and silt,N/A,,,N 56.02509 W -4.53678,,,,IL 2-14,,,,Typed,HOLOTYPE,,,,,,,
0021_K001046329.jpg,,Pabst,N/A,,,,,,,Pabst,,,,,N/A,7-9-60,,Brazil,,N/A,N/A,,"ilha do ""Governador""","Ilha do ""Governador""","Mangue próximo ao fogo. Quinta da Ilha do ""Governador""",N/A,N/A,,,N/A,,,,321,,,,Typed,no type status,,,,,,,
0022_K000536956.jpg,,J. Francis Macbride,N/A,,,,,,,T.F.A. McBride,,,,,N/A,"Aug. 27-Sept. 1, 1932",,Peru,,N/A,N/A,,Mountain slope,Mountain slope,N/A,N/A,About 4000 Feet,,,N/A,,,,5234,,,,Typed,no type status,,,,,,,
0023_B%2010%200030420.jpg,,P.j.m. & h. maas,L. koelmann,,,,,,,P.J.M. Maas,,,,,Bromeliaceae,16 Feb 1939,,Brazil,,Espírito Santo,N/A,,Estação Biológica de Santa Lúcia,Estação Biológica de Santa Lúcia,"High forest, with underwood of high mata on terrestrial and epiphytic Bromeliaceae",soil,1900 meters,,,19°58'S 40°32'W,,,,8833,,,,Typed,ISOTYPE,,,,,,,
0024_B%2010%200375227.jpg,,X. Cornejo,C. Bonitáz,,,,,,,N/A,,,,,"C. heterophylla, C.sacabrada, C.lanceolata y C.crotonoides",19 Jul. 1997,,Ecuador,,Manabí,N/A,,"Bosque húmedo tropical caducifolio intervenido, Bosque Seco de Caráquez & 3 Km. Alrededores de Universidad Católica","Bosque húmedo tropical caducifolio intervenido, Bosque Seco de Caráquez & 3 km Alrededores de Universidad Católica",Bosque húmedo tropical,soil,30 m,,,Latitude: 00°45' // Longitude: -80°32',,,,5822,,,,Typed,ISOTYPUS,,,,,,,
0025_B%2010%200030508.jpg,,Winfried Meier,Silvia Lanzas,,,,,,,N/A,,,,,"Molinadendron diclinum (According to current taxonomy, ""Molinadendron diclinum"" does not seem to be directly associated with ""Hierobotia subglobosa"". However, without the context of the label indicating an associate taxa, I need to assume this is a transcription error or an outdated/scientific concept.)",16–19 de abril 1993,,Venezuela,,Distrito Federal,N/A,,Filas Ballinari; Cima de La Costa,"Filas Ballinari, Cima de La Costa",en selva,N/A,500 msnm,,,N/A,,,,3685,,,,Mix of Handwritten and Typed,Isotypus,,,,,,,
0026_K000964719.jpg,,W. Hoehne,N/A,,,,,,,Kuhlmann,,,,,N/A,13/02/33,,Brasil,,São Paulo,N/A,,"Cantareira, São Paulo, ..., Alt: - ","Cantareira, São Paulo",N/A,N/A,Alt: -,,,N/A,,,,10228,,,,Mix of Handwritten and Typed,no type status,,,,,,,
0027_BM000934757.jpg,,Wilhelm Suksdorf,N/A,,,,,,,M. Nee,,,,,N/A,Aug. 1926,,United States of America,,Washington,Klickitat,,High sandy river-bank at Bingen.,Bingen,High sandy river-bank,N/A,N/A,,,N/A,,,,12045,,,,Typed,no type status,,,,,,,
0028_EIG.5460.jpg,,H. Eggert,N/A,,,,,,,N/A,,,,,Pellaea atropurpurea (L.) Link,N/A,,N/A,,N/A,N/A,,N/A,N/A,N/A,N/A,N/A,,,N/A,,,,N/A,,,,Handwritten,no type status,,,,,,,
0029_EIG.6763.jpg,,Ilkka Kukkonen,N/A,,,,,,,Simo Suurela,,,,,N/A,13. Sept. 1981,,Australia,,Queensland,N/A,,"Atherton Tableland, Lamins Hill rain forest area, patch of rain forest","Atherton Tableland, Lamins Hill rain forest area",Patch of rain forest. Fern climbing on tree stems.,N/A,N/A,,,N/A ,,,,11003,,,,Typed,no type status,,,,,,,
0030_C0090117F.jpg,,H. T. Lumbsch,N/A,,,,,,,N/A,,,,,N/A,14.7.1994,,USA,,Arizona,Gila Co.,,"San Carlos Lake, E exposed slopes above dam, just N of Coolidge","East exposed slopes above dam, just North of Coolidge",On siliceous rocks,rock,N/A,,,"33°11'N, 110°32'W",,,,10566 b,,,,Typed,no type status,,,,,,,
0031_C0052970F.jpg,,Shirley Tucker,N/A,,,,,,,R. J. Salm,,,,,Taxodium,"March 17, 1977",,United States of America,,Louisiana,St. Tammany Parish,,"Fontainebleau State Park, north shore of Lake Pontchartrain","Fontainebleau State Park, north shore of Lake Pontchartrain",N/A,bark,N/A,,,"30°20'N, 90°03'W",,,,16863,,,,Typed,no type status,,,,,,,
0032_C0090105F.jpg,,H.t. lumbsch,N/A,,,,,,,N/A,,,,,N/A,26.08.2001,,NORWEGEN,,Sogn og Fjordane,N/A,,"Sogn og Fjordane. Jotunheimen, alpine Matten an der Straße 55 zwischen Turtegrö und Hervassbu","Jotunheimen, alpine meadows along road 55 between Turtegrö and Hervassbu",N/A,rock,1400 m alt.,,,N/A,,,,12159,,,,Typed,no type status,,,,,,,
0033_C0095120F.jpg,,W. L. Culberson,R. Ornduff,,,,,,,W. L. Culberson,,,,,N/A,"September 3, 1998",,South Africa,,Western Cape,N/A,,"15 km SE of Oudtshoorn, on the road above Blossoms.","15 kilometers southeast of Oudtshoorn, on the road above Blossoms",On twigs of Zyophyllum sp.,twigs,N/A,,,N/A,,,,22493,,,,Typed,no type status,,,,,,,
0034_C0055249F.jpg,,H. Mietzsch,N/A,,,,,,,N/A,,,,,N/A,27.8.1988,,Schweiz,,Graubünden,Unterengadin,,"Schweiz, Graubünden, Unterengadin, TK 25: 1218 Zernez, Marangun, Sursaas","Marangun, Sursaas",auf Erde,soil,2150-2300 m alt.,,,N/A,,,,6246,,,,Typed,no type status,,,,,,,
0035_C0090513F.jpg,,Henry A. Imshaug,Frederick H. Imshaug,,,,,,,N/A,,,,,N/A,21 September 1963,,Tobago,,N/A,N/A,,"Scattered cultivations in clearings of rain forest, ca. 1200 ft., Main Ridge along ""Mt. St. George - Castara Track"" (near Castara)","Main Ridge along ""Mt. St. George - Castara Track"" near Castara",Scattered cultivations in clearings of rain forest,N/A,ca. 1200 ft.,,,N/A,,,,31340,,,,Typed,no type status,,,,,,,
0036_C0053622F.jpg,,Edward M. Wheeler,N/A,,,,,,,R.J. Salm,,,,,on Ilex glabra,7 Jan 1989,,United States of America,,Florida,Polk County,,"Tiger Creek Preserve, just to right of Wakeford Road Entrance","Tiger Creek Preserve, just to the right of Wakeford Road Entrance",N/A,bark,N/A,,,N/A,,,,9401,,,,Typed,no type status,,,,,,,
0037_C0090150F.jpg,,N. Hladun,"H. T. Lumbsch, A. Henssen",,,,,,,N/A,,,,,N/A,1983/05/24,,Spanien,,Catalunya,Prov. Gerona,,"Les Torruelles, bei Torroella de Fluvia, auf Grauwacken im Kalkfelsmoor","Les Torruelles, bei Torroella de Fluvia, on graywacke in limestone fen",limestone fen,stone,N/A,,,N/A,,,,925d,,,,Typed,no type status,,,,,,,
0038_C0052862F.jpg,,G. Follmann,N/A,,,,,,,G. Follmann,,,,,N/A,N/A,,Deutschland (Germany),,Rheinland-Pfalz,N/A,,"Deutschland, Rheinland-Pfalz: zerstreut in der Oberinde der Lagerlappen von Hypogymnia physodes (L.) NYL., 450 m, NW – SW, pH 6,0; Heckengürtel am Südfuß des Schirzheimer Kopfes zwischen Gerolstein und Prüm in der Hocheifel","Oberinde der Lagerlappen von Hypogymnia physodes, Heckengürtel am Südfuß des Schirzheimer Kopfes zwischen Gerolstein und Prüm in der Hocheifel",N/A,"bark (assuming ""Oberinde der Lagerlappen"" refers to the thallus upper side, which is part of the lichen on bark)",450 m,,,N/A,,,,N/A,,,,Typed,no type status,,,,,,,
0039_C0052873F.jpg,,H.T. Lumbsch,E. Mietzsch,,,,,,,R. J. Salm,,,,,N/A,24.5.1987,,BRD,,Rheinland-Pfalz,Landkreis Mainz/Bingen,,"Tk 25: 6013 Bingen, Ockenheimer Hörnchen",Ockenheimer Hörnchen,N/A,Populus,N/A,,,N/A,,,,5135 b,,,,Typed,no type status,,,,,,,
0040_C0053240F.jpg,,N/A,N/A,,,,,,,R. J. Salm,,,,,N/A,9.7.90,,N/A,,N/A,N/A,,"Loc.: D RP, EIFEL, NATPAL N, 450m","D RP, Eifel, Natpal N, 450 meters",N/A,N/A,450m,,,N/A,,,,MTB5608,,,,Mix of Handwritten and Typed,no type status,,,,,,,
0041_C0053210F.jpg,,H.t. lumbsch,E. mietzsch,,,,,,,R. J. Salm,,,,,N/A,24.5.1987,,BRD,,Rheinland-Pfalz,Landkreis Mainz-Bingen,,"Tk 25: 6014 Ingelheim am Rhein, Weg von Gau-Algesheim zum Ockenheimer Hörnchen","Tk 25: 6014 Ingelheim am Rhein, Weg von Gau-Algesheim zum Ockenheimer Hörnchen",An Mörtel,mortar,N/A,,,N/A,,,,5127 a,,,,Typed,no type status,,,,,,,
0042_C0095075F.jpg,,Henry A. Imshaug,N/A,,,,,,,N/A,,,,,Acer,3 October 1976,,United States,,Michigan,Chippewa County,,"CHIPEWA COUNTY (DRUMMOND ISLAND): Along road at Drummond airport, Sec. 25, T. 42 N., R. 5 E.","Along road at Drummond airport, Section 25, Township 42 North, Range 5 East",N/A,bark,N/A,,,46° 01' N and 83° 44' W.,,,,60155,,,,Typed,no type status,,,,,,,
0043_C0089982F.jpg,,H. Mietszsch,N/A,,,,,,,N/A,,,,,N/A,26.8.1989,,Schweiz,,Graubünden,N/A,,"Albulatal, TK 25: Strasse von Latsch nach Stugl",Road from Latsch to Stugl,N/A,Rock,1600 m alt.,,,N/A,,,,6983,,,,Typed,no type status,,,,,,,
0044_C0090059F.jpg,,Aino Henssen,N/A,,,,,,,N/A,,,,,N/A,29.8.1971,,SCHWEIZ,,Graubünden,N/A,,"Graubünden, Albula pass, auf Dolomit","Graubünden, Albula pass, on dolomite",N/A,rock,2000 m ü.M.,,,N/A,,,,21 931 a,,,,Typed,no type status,,,,,,,
0045_C0090185F.jpg,,H.T. Lumbsch,"E. Mietzsch, C.",,,,,,,N/A,,,,,N/A,19.11.1989,,Deutschland,,Hessen,N/A,,"TK 25: 5925 Wiesbaden, Dotzheim, Felsen am Weilburger Bach.","TK 25: 5925 Wiesbaden, Dotzheim, rocks near Weilburger Bach",N/A,rock,N/A,,,N/A,,,,7103 f,,,,Typed,no type status,,,,,,,
0046_C0095081F.jpg,,H. Imshaug,K. Ohlsson,,,,,,,Hale,,,,,"Anthobryum, Berberis",9 October 1971,,Chile,,Magallanes,N/A,,Scattered Anthobryum and Berberis on low hill near Primera Angostura,low hill near Primera Angostura,N/A,Rock,N/A,,,"52° 27' S., 69° 36' W.",,,,49793,,,,Typed,no type status,,,,,,,
0047_C0095147F.jpg,,William L. Culberson,N/A,,,,,,,R. J. Salm,,,,,N/A,9.VIII.1996,,USA,,Washington,Spokane County,,"In urbe Spokane, loco Riverside State Park. Ad ramunculos fruticis in Pineto (Pinus ponderosa).",Riverside State Park,N/A,N/A,N/A,,,N/A,,,,22403,,,,Typed,no type status,,,,,,,
0048_C0090526F.jpg,,H.T. Lumbsch,N/A,,,,,,,N/A,,,,,N/A,10.5.1983,,Italien,,Südtirol,N/A,,"Italien, Südtirol. Vinschgau, Gomagoi, E des Ortes.","Italien, Südtirol. Vinschgau, Gomagoi. East of town",N/A,Silikatgestein,N/A,,,N/A,,,,8890,,,,Typed,no type status,,,,,,,
0049_C0090341F.jpg,,T. Feurer,H. Hertel & H. Killias,,,,,,,N/A,,,,,N/A,12.X.1977,,ITALIEN (Italy),,Südtirol,N/A,,"Dolomiten, Rosengarten-Gruppe, Purgametsch-Tal (an der Autostraße zwischen Nigerpaß und Tiers), nahe der Abzweigung des Sträßchens ins Tscharmin-Tal bei Rungun, 1220 m.","Dolomiten, Rosengarten-Gruppe, Purgametsch-Tal (along the highway between Nigerpass and Tiers), near the fork of the small road into Tscharmin-Tal at Rungun",Light larch stand on alpine pasture ground,bark,1220 m.,,,N/A,,,,282,,,,Typed,no type status,,,,,,,
0050_C0272257F.jpg,,H. Sydow,P. Sydow,,,,,,,N/A,,,,,Holcus lanatus,14. 8. 1903,,Germany,,Saxony,N/A,,"Sachsen: am Grossen Winterberge, Zwiesel bei Schmilka","Grossen Winterberge, Zwiesel bei Schmilka",Auf Blättern,leaves,N/A,,,N/A,,,,67,,,,Typed,no type status,,,,,,,
0051_C0272404F.jpg,,F. Bubak,N/A,,,,,,,N/A,,,,,Anemones nemorosae,Majo,,Czech Republic,,Bohemia,N/A ,,"ad Poděbrad, ad folia viva Anemones nemorosae",Poděbrady,N/A,leaves,N/A,,,N/A,,,,3239,,,,Typed,no type status,,,,,,,
0052_C0272218F_ 1.jpg,,H. E. Parks,J. P. Tracy,,,,,,,N/A,,,,,Arbutus Menziesii Pursh.,"Sept. 15, 1930",,United States,,California,Humboldt County,,"Kneeland, Bald Hills","Kneeland, Bald Hills",Seriously affecting the young shoots.,N/A,N/A,,,N/A,,,,238,,,,Typed,no type status,,,,,,,
0053_C0272323F.jpg,,O. Mattirolo,G. Lagerheim,,,,,,,N/A,,,,,Molinia coerulea,27/9 1895,,Italia,,prov. Como,N/A,,"Rodero, prov. Como in ovaris Moliniae coeruleae",in ovaries of Molinia caerulea,N/A,N/A,N/A,,,N/A,,,,876,,,,Typed,no type status,,,,,,,
0054_C0272329F.jpg,,Richard W. Pohl,Gerrit Davidse,,,,,,,N/A,,,,,N/A,25 September 1968,,Costa Rica,,Puntarenas,N/A,,5 KM NW of the Carretera Interamericana in Boruca area,5 kilometers northwest of the Carretera Interamericana in Boruca area,Carpeting the ground at the margin of forest and savanna,soil,elev. 450 m.,,,N/A,,,,11146,,,,Typed,no type status,,,,,,,
0055_C0272400F.jpg,,E. W. D. Holway,N/A,,,,,,,F. Bartholomew,,,,,Streptopus rosens.,"Aug. 8, 1901",,Canada,,British Columbia,N/A,,Glacier,Glacier,N/A,N/A,N/A,,,N/A,,,,1789,,,,Typed,no type status,,,,,,,
0056_C0272229F_ 1.jpg,,Lee Bonar,N/A,,,,,,,N/A,,,,,Arctostaphylos patula Greene.,21 August 1954,,United States of America,,California,Shasta County,,"Manzanita Lake, Lassen National Park, Shasta County.","Manzanita Lake, Lassen National Park",N/A,N/A,N/A,,,N/A,,,,890,,,,Typed,no type status,,,,,,,
0057_C0272225F_ 1.jpg,,Harold e. parks,Joseph p. tracy,,,,,,,N/A,,,,,Vaccinium ovatum Pursh,"June 3, 1934",,United States of America,,California,Humboldt County,,Trinidad.,Trinidad,N/A,N/A,N/A,,,N/A,,,,13207,,,,Typed,no type status,,,,,,,
0058_C0272257F.jpg,,H. Sydow,P. Sydow,,,,,,,N/A,,,,,Holcus lanatus,14. 8. 1903,,Germany,,Sachsen,N/A,,"am Grossen Winterberge, Zwiesel bei Schmilka",Grossen Winterberge,Auf Blättern,leaves,N/A,,,N/A,,,,67,,,,Typed,no type status,,,,,,,
0059_C0272404F.jpg,,F. Bubak,N/A,,,,,,,N/A,,,,,Anemones nemorosae,Majo,,Czech Republic,,Bohemia,N/A,,"ad folia viva Anemones nemorosae ad Poděbrad, m. Majo.",N/A,ad folia viva Anemones nemorosae (on live leaves of Anemones nemorosae),leaves,N/A,,,N/A,,,,3239,,,,Typed,no type status,,,,,,,
0060_C0272218F_ 1.jpg,,H. E. Parks,J. P. Tracy,,,,,,,N/A,,,,,Arbutus Menziesii Pursh.,"Sept. 15, 1930",,United States,,California,Humboldt County,,"Kneeland, Bald Hills","Kneeland, Bald Hills",Seriously affecting the young shoots,N/A,N/A,,,N/A,,,,238,,,,Typed,no type status,,,,,,,
0061_C0272323F.jpg,,O. Mattirolo,G. Lagerheim,,,,,,,N/A,,,,,Moliniae,27/9 1895,,Italia,,prov. Como,N/A,,"Rodero, prov. Como in ovaris Moliniae coeruleae",Rodero,in ovaris Moliniae coeruleae,N/A,N/A,,,N/A,,,,876,,,,Typed,no type status,,,,,,,
0062_C0272329F.jpg,,Richard W. Pohl,Gerrit Davidse,,,,,,,N/A,,,,,N/A,25 September 1968,,Costa Rica,,Puntarenas,N/A,,5 KM NW of the Carretera Interamericana in Boruca area,5 kilometers northwest of the Carretera Interamericana in Boruca area,Carpeting the ground at the margin of forest and savanna,soil,elev. 450 m.,,,N/A,,,,11146,,,,Typed,no type status,,,,,,,
0063_C0272400F.jpg,,E. W. D. Holway,N/A,,,,,,,N/A,,,,,Streptopus rosens.,"Aug. 8, 1901",,Canada,,British Columbia,N/A,,"Glacier, Brit. Columbia","Glacier, British Columbia",N/A,N/A,N/A,,,N/A,,,,1789,,,,Typed,no type status,,,,,,,
0064_C0272229F_ 1.jpg,,Lee Bonar,N/A,,,,,,,N/A,,,,,Arctostaphylos patula Greene.,21 August 1954,,United States of America,,California,Shasta County,,"Manzanita Lake, Lassen National Park, Shasta County.","Manzanita Lake, Lassen National Park",N/A,N/A,N/A,,,N/A,,,,890,,,,Typed,no type status,,,,,,,
0065_C0272225F_ 1.jpg,,Harold E. Parks,Joseph P. Tracy,,,,,,,N/A,,,,,Vaccinium ovatum Pursh,"June 3, 1934",,United States,,California,Humboldt,,Trinidad,Trinidad,N/A,N/A,N/A,,,N/A,,,,13207,,,,Typed,no type status,,,,,,,
0066_C0004429F.jpg,,Singer,N/A,,,,,,,N/A,,,,,N/A,14 v 1973,,Ecuador,,Napo ,N/A,,Lago Agrio,Lago Agrio,Ad terram in hylaeaa,soil,N/A,,,N/A,,,,'B 7463,,,,Typed,Type,,,,,,,
0067_C0004429F_a.jpg,,,,,,,,,,,,,,,,,,,,,,,,,,,,,,,,,,,,,,,,,,,,,,
0068_C0004430F.jpg,,Singer,N/A,,,,,,,N/A,,,,,"Sphagnum spp., Rubus geoides",23 II 1988,,Argentina,,Tierra del Fuego,Departamento Ushuaia,,"va. road Ushuaya-Lago Fagnano, SW of highest point","road Ushuaya to Lago Fagnano, southwest of highest point",Gregarious in bog margin,N/A,N/A,,,N/A,,,,M0517,,,,Typed,Holotype,,,,,,,
0069_C0355438F.jpg,,R.a.mass Geesteranus,N/A,,,,,,,R. Faden,,,,,N/A,dd. 12-VIII-69,,Kenya,,Nyanza Province,Kericho Distr.,,"South West Kano Forest Reserve, camp 6","South West Kano Forest Reserve, camp 6","riparian-woodland along the river Itare, among others with Conocephalum holstii",soil,1920 m,,,"lat. 0°36'30"" S., long. 35°10'20"" E.",,,,5744,,,,Typed,no type status,,,,,,,
0070_C0383180F.jpg,,A. Carestia,N/A,,,,,,,Joan H. Wilec,,,,,N/A,1871,,Italy,,N/A,N/A,,Salita alla Busgocera presso Soglielo in Valsesia,Salita alla Busgocera near Soglielo in Valsesia,N/A,N/A,N/A,,,N/A,,,,851,,,,Typed,no type status,,,,,,,
0071_C0383576F.jpg,,T. G. Yuncker,N/A,,,,,,,N/A,,,,,N/A,"Mar. 30, 1958",,Jamaica,,Portland,N/A,,"On wet embankment along trail, rain forest, John Crow Mts., 1.5-2 miles south-west of Ecclesdown.","On wet embankment along trail, John Crow Mts., 1.5-2 miles southwest of Ecclesdown.",rain forest,soil,Alt. 1500-2500 ft.,,,N/A,,,,"18,561",,,,Typed,no type status,,,,,,,
0072_C0366453F.jpg,,J. Ohwi,N/A,,,,,,,N/A,,,,,N/A,April 1951,,Japan,,Honshu,N/A,,Honcu: Junmachi in Sengami,Honcu: Junmachi in Sengami,N/A,N/A,N/A,,,N/A,,,,202,,,,Typed,no type status,,,,,,,
0073_C0368029F.jpg,,L. Fay,A. Fay,,,,,,,N/A,,,,,N/A,11 Apr 1985,,LIBERIA,,N/A,N/A,,Cuttington University College. Alt. 250 m.,Cuttington University College,"On tree trunk about 10' from ground; common in groves of rubber trees, on trunks.",bark,Alt. 250 m.,,,N/A,,,,1206,,,,Typed,no type status,,,,,,,
0074_C0363985F.jpg,,Carvalho,N/A,,,,,,,J. Fernandez Casas,,,,,N/A,25-IV-1986,,Equatorial Guinea,,Bioco,"Malabo - Basile, km 13, cerca de Basile",,"32NMK7808, 390 m, márgenes de la carretera","390 meters, margins of the road",N/A,N/A,390 m,,,32NMK7808,,,,2092,,,,Typed,no type status,,,,,,,
0075_C0626158F.jpg,,Louis,"Antonio, Terua, Dorsehy, Chester",,,,,,,R. Stolze,,,,,N/A,"May 15, 1966",,Nicaragua,,Matagalpa,Cordillera Central,,"Montane rainforest, cloud forest, Dpto. Matagalpa, Sta. María de Ostuma, Cordillera Central de Nicaragua, Department of Matagalpa, 15 May 1966","Montane rainforest, cloud forest, Department of Matagalpa, Sta. María de Ostuma, Cordillera Central de Nicaragua","Montane rainforest, cloud forest",bark,N/A,,,N/A,,,,27621,,,,Typed,no type status,,,,,,,
0076_V0082645F.jpg,,M. O. Dillon,N/A,,,,,,,N/A,,,,,N/A,21 Dec 1987,,Chile,,Antofagasta,N/A,,"Cerro Perales, ca. 8.5 km E of Taltal, 600-850 m","Cerro Perales, approximately 8.5 kilometers east of Taltal","Terrestrial, growing in rock crevices",rock,600-850 m,,,"(25°25'S, 70°25'W)",,,,5376,,,,Typed,no type status,,,,,,,
0077_C0382365F.jpg,,Julie f. barcelona,N/A,,,,,,,Julie F. Barcelona,,,,,N/A,Nov.—1989,,Philippines,,Visayas,Antique Province,,"Visayas, Panay I., Antique Prov., Semirara I.",Semirara Island,Egata – on shaded & moist areas,soil,N/A,,,N/A,,,,48,,,,Mix of Handwritten and Typed,no type status,,,,,,,
0078_C0636906F.jpg,,Antonio Molina,N/A,,,,,,,Alan R. Smith,,,,,N/A,"Nov. 4, 1948",,Honduras,,N/A,N/A ,,"Valle de Yuscarán, Caminos fátuamos, Labrador de La Muralla, 8 months from w. Drainage of the Río Yeguare, about Longitude 87° W. and Latitude 14° N, Departament of Morazán","Valle de Yuscarán, Caminos fatuamos, Labrador de La Muralla, 8 months from west, Drainage of the Río Yeguare",Helecho arborescente. Bosque latifoliado húmedo norte de la Mts. Uyuca,soil,Alt. 1800 m.,,,Longitude 87° W and Latitude 14° N,,,,1427,,,,Typed,no type status,,,,,,,
0079_C0358423F.jpg,,G.j. Chamberlain,N/A,,,,,,,N/A,,,,,N/A,"Oct. 15, 1911",,New Zealand,,N/A,N/A,,Ohakune,Ohakune,N/A,N/A,N/A,,,N/A,,,,N/A,,,,Typed,no type status,,,,,,,
0080_C0639123F.jpg,,Louis o. williams,"Antonio molina r., Terua p. williams",,,,,,,C. V. Morton & D. B. Lellinger,,,,,N/A,10-18 Dec 1968,,Nicaragua,,Matagalpa,Jinotega,,"Sta. María de Ostuma, Cordillera Central de Nicaragua, between Matagalpa and Jinotega.","Sta. María de Ostuma, Cordillera Central de Nicaragua, between Matagalpa and Jinotega",Cloud forest area,soil,1300-1800 meters,,,N/A,,,,23634,,,,Typed,no type status,,,,,,,
0081_C0363828F.jpg,,T. G. Yuncker,N/A,,,,,,,N/A,,,,,N/A,"Nov. 17, 1957",,Jamaica,,St. Andrew,N/A,,"Scrambling over slide of cut, along trail near Bellevue.",Trail near Bellevue,Scrambling over side of cut,Soil,Alt. 3000-4000 ft.,,,N/A,,,,"17,429",,,,Typed,No type status,,,,,,,
0082_C0377971F.jpg,,R.b. faden,N/A,,,,,,,N/A,,,,,N/A,2 Jan 1977,,Ceylon,,Central Province,Nuwara Eliya District,,"between mile posts 45/5 and 45/6 on Nuwara Eliya-Kandy road, 6°59'50"" 80°45'E.",between mile posts 45/5 and 45/6 on Nuwara Eliya-Kandy road,"Shady moist bank near stream, Local and uncommon",soil,ca. 1980 m,,,"6°59'50"" 80°45'E",,,,2089703,,,,Typed,no type status,,,,,,,
0083_C0363442F.jpg,,Henk van der Werff,N/A,,,,,,,Henk van der Werff,,,,,N/A,12 June 1990,,Australia,,Queensland,N/A,,"Boonjee logging area, at base of Mt. Bartle Frere","Boonjee logging area, at base of Mount Bartle Frere",Rainforest,Soil,1450 m,,,145°43'E 17°25'S,,,,11699,,,,Typed,No type status,,,,,,,
0084_C0376117F.jpg,,R. Faden,A. J. Faden,,,,,,,D. B. Lellinger,,,,,N/A,5 Jan. 1977,,Ceylon,,Central Province,Kuruwagala,,"North Western Province, Kuruwagala District, Doloswakande Hill, ca.",Doloswakande Hill,Forest,N/A,600 m,,,N/A,,,,77/53,,,,Typed,no type status,,,,,,,
0085_C0356535F.jpg,,H. St. John,N/A,,,,,,,Det. B.B. Copeland,,,,,N/A,"Aug. 26, 1934",,Austral Islands,,Raivavae,N/A,,"Northwest slope of Teape, Teia woods","Northwest slope of Teape, Teia woods",Epiphytic on mossy tree limb,bark,altitude 350 meters,,,N/A,,,,16662,,,,Typed,no type status,,,,,,,
0086_C0359489F.jpg,,M. Véliz,E. Charo; H. Sains; J. López; R. E. Esteban,,,,,,,M. Véliz; J. M. Véliz,,,,,N/A,IV/6/99,,Guatemala,,Jalapa,N/A,,"Aleda San Raymundo, Finca Manzanillos","Aldea San Raymundo, Finca Manzanillos",En el orilla de bosque de Quercus sp.,soil,2036 msnm,,,"14°33' 47""N 90°09' 16""O",,,,2308,,,,Typed,no type status,,,,,,,
0087_C0662992F.jpg,,P.l. Redfearn,"R.l. Wilbur, H.a. Hespenheide, D.r. Wiseman",,,,,,,R. L. Wilbur 1966,,,,,N/A,2 August 1964,,Dominica,,N/A,N/A,,Parish of St. Paul: Disturbed rainforest in the upper Layou Valley about 1.5 miles from Clarke Hall towards Pont Casse.,"Parish of St. Paul, upper Layou Valley about 1.5 miles from Clarke Hall towards Pont Casse",Disturbed rainforest,soil,N/A,,,N/A,,,,18156,,,,Typed,no type status,,,,,,,
0088_C0675619F.jpg,,Geo. B. Hinton,et al.,,,,,,,M. Palacios Rios,,,,,N/A,At 21-25,,Mexico,,Mexico,Temascaltepec,,Pantaco,Pantaco,Dry barranca,N/A,N/A,,,N/A,,,,7644,,,,Handwritten,no type status,,,,,,,
0089_C0364207F.jpg,,Father M. Vanoverbergh,N/A,,,,,,,N/A,,,,,N/A,April 13,,Philippines,,Bontoc Subprovince,N/A,,"Bontoc Subprovince, Luzon","Bontoc Subprovince, Luzon",N/A,N/A,N/A,,,N/A,,,,3591,,,,Typed,no type status,,,,,,,
0090_C0658238F.jpg,,Ynes Mexia,N/A,,,,,,,Copeland,,,,,N/A,"May 14,1936",,Peru,,Departamento Cuzco,N/A,,Province La Convencion; upper valley of Rio Sanabry; western affluent of Vilcanota; along stream in virgin forest.,upper valley of Rio Sanabry; western affluent of Vilcanota; along stream,in virgin forest,N/A,Alt. about 1800 m.,,,N/A,,,,80066,,,,Typed,no type status,,,,,,,
0091_C0366013F.jpg,,Tagawa,Iwatsuki,,,,,,,N/A,,,,,N/A,"May 20, 1956",,Japan,,N/A,N/A,,N/A,N/A,N/A,N/A,N/A,,,N/A,,,,886,,,,Typed,no type status,,,,,,,
0092_C0662895F.jpg,,Allison v. armour,"E. J. Palmer, M. C. Johnston, C. A. Weatherby, T. G. Yuncker, L. J. Brass, M. N. Cushing, O. Sheld, and Master",,,,,,,N/A,,,,,N/A,Jan. 20-Feb. 6,,Jamaica,,N/A,N/A,,Port Antonio,Port Antonio,N/A,soil,N/A,,,N/A,,,,893,,,,Typed,no type status,,,,,,,
0093_C0637474F.jpg,,J.l. calzada,N/A,,,,,,,Robert G. Stolze,,,,,N/A,29 noviembre 1980,,México,,Veracruz,Xico,,Ranchoita de Coateitlán ,Ranchoita de Coateitlán,Bosque Caducifolio muy humedo,Suelo,1200 m.s.n.m.,,,19°29' N LONGITUD 97°04' W,,,,5259,,,,Typed,no type status,,,,,,,
0094_C0675553F.jpg,,John T. Atwood Jr.,N/A,,,,,,,R. McCarthy,,,,,N/A,8 Feb. 1977,,Nicaragua,,Granada,N/A,,"Volcan Mombacho, Lower cloud forest near Finca Cuítre.","Volcan Mombacho, near Finca Cuítre",Lower cloud forest,soil,N/A,,,N/A,,,,77105,,,,Typed,no type status,,,,,,,
0095_C0364726F.jpg,,M. Takeuchi,J. Wiakabu,,,,,,,N/A,,,,,N/A,"February 5, 1994",,Papua New Guinea,,New Ireland,N/A,,"On expedition; Hans Meyer Range, Site 4","Hans Meyer Range, Site 4","Hydrphasite and recent forest dominated by calophyllum, 425m from low shrub",soil,c. 1800 m,,,4° 25.5' S 152°59.5'E,,,,9366,,,,Handwritten,no type status,,,,,,,
0096_C0377881F.jpg,,Albert N. steward,"Fay-Chi Chang, H. C. Chow",,,,,,,N/A,,,,,N/A,"Sept. 6, 1931",,China,,Kweichow,N/A,,"70 li to Ye, Hain Chang Shan","70 li to Ye, Hain Chang Shan",Moist brushy slopes,soil,alt. 880 Tm,,,N/A,,,,3144,,,,Handwritten,no type status,,,,,,,
0097_C0378283F.jpg,,M. Togawa,K. Iwatsuki,,,,,,,N/A,,,,,N/A,"July 25, 1956",,Japan,,Kagoshima,N/A,,"Kyushu. Pref. Kagoshima: western slope of Mt. Koyachi, south of Kanoya City","western slope of Mount Koyachi, south of Kanoya City",Wet rocky slope in densely wooded ravine,rock,N/A,,,N/A,,,,1150,,,,Typed,no type status,,,,,,,
0098_C0616676F.jpg,,J. dorantes,N/A,,,,,,,N/A,,,,,N/A,01/01/1972,,Mexico,,Veracruz,Municipio de Xalapa,,"Cerro del Gato, MAPA 38.6 29.0",Cerro del Gato,Bosque caducifolio vegetación riparia,soil,N/A,,,MAPA 38.6 29.0,,,,455,,,,Typed,no type status,,,,,,,
0099_C0627900F.jpg,,Louis o. williams,A. Molina r.,,,,,,,A. Molinar,,,,,N/A,"Mayo 22, 1963",,El Salvador,,Santa Ana,N/A,,Bosque abierto de Montaña Montecristo,Montecristo open mountain forest,Epifita. Bosque abierto de Montaña Montecristo,N/A,Alt. 2000 m.,,,N/A,,,,121562,,,,Typed,no type status,,,,,,,
0100_C2077563F.jpg,,"León, B.",A. Mille,,,,,,,Erwin de Luna,,,,,N/A,N/A,,N/A,,N/A,N/A,,environs de Quito.,environs de Quito,N/A,N/A,4659 pp.,,,N/A,,,,4659,,,,Typed,no type status,,,,,,,
0101_C2077564F.jpg,,L. benoist,N/A,,,,,,,Det. Efraín De Luna,,,,,N/A,"27 mars 1930, v-1930",,Equateur,,N/A,N/A,,Sur rocher calcaire. Quito.,Sur rocher calcaire,N/A,rock,N/A,,,N/A,,,,N/A,,,,Typed,no type status,,,,,,,
0102_C2077565F.jpg,,R. S. Williams,N/A,,,,,,,Erwin F. de Luna,,,,,N/A,"April 30, 1902",,Bolivia,,N/A,N/A,,"near Pilincho, 3,700 meters",near Pilincho,N/A,N/A,"3,700 meters",,,N/A,,,,1855,,,,Typed,no type status,,,,,,,
0103_C2077566F.jpg,,Marko Lewis,N/A,,,,,,,Elin De Luna,,,,,N/A,22 March 1979,,Bolivia,,Depto. La Paz,Prov. Larecaja,,Near large red out-crop 2 mi. from Sorata down Rio Consata,Near large red outcrop 2 miles from Sorata down Rio Consata,"Bromeliad habitat, abundant on rock faces of exposed cliffs",rock,2630 m.,,,N/A,,,,79-1237A,,,,Typed,no type status,,,,,,,
0104_C2077567F.jpg,,Marko Lewis,N/A,,,,,,,E. De Luna,,,,,N/A,22 March 1979,,Bolivia,,Departamento La Paz,Provincia Larecaja,,"DEPTO. LA PAZ, PROV. LARECAJA: Near large red out-crop 2 mi. from Sorata down Rio Consata, ""15º 41' S, 68º 43' W""",Near large red outcrop 2 miles from Sorata down Rio Consata,Bromeliad-grass habitat on exposed cliffs,N/A,2630 m.,,,"""15º 41' S, 68º 43' W""",,,,79-1232,,,,Typed,no type status,,,,,,,
0105_C2077568F.jpg,,Marko lewis,N/A,,,,,,,Erwin De Luna,,,,,N/A,6 March 1979,,Bolivia,,Depto. La Paz,Prov. Saavedra,,"On mountain side directly N. of river, beneath Nino Kkove, NW of Chuma","On mountain side directly north of river, beneath Nino Kkove, northwest of Chuma",Humid cliffs and steep slopes,N/A,3320 m.,,,"15° 08' S, 69° 03' W",,,,79-1114,,,,Typed,no type status,,,,,,,
0106_C2077569F.jpg,,F. J. Hermann,N/A,,,,,,,Elinor De Luna,,,,,N/A,"December 27, 1972",,Bolivia,,Cochabamba,Cochabamba,,"On conglomerate boulder on shrubby NW slope of Mt. Tunari, near Liriuni Aguas Termales Hotel, alt. ca. 2700 m.","On conglomerate boulder on shrubby northwest slope of Mount Tunari, near Liriuni Aguas Termales Hotel",N/A,boulder,alt. ca. 2700 m.,,,N/A,,,,25152,,,,Mix of Handwritten and Typed,no type status,,,,,,,
0107_C2077570F.jpg,,Ynes Mexia,N/A,,,,,,,Bartram,,,,,N/A,"Dec. 2, 1931",,Peru,,Loreto,N/A,,Above Pongo de Manseriche. Streamlet near mouth of Rio Santiago.,"Above Pongo de Manseriche, streamlet near mouth of Rio Santiago",On fallen log,Wood,Alt. 400 m,,,N/A,,,,6804,,,,Typed,no type status,,,,,,,
0108_C2077571F.jpg,,Ynes Mexia,N/A,,,,,,,Bartram,,,,,N/A,"Dec. 9, 1931",,Peru,,Loreto,N/A,,Above Pongo de Manseriche. Streamlet near mouth of Rio Santiago.,Above Pongo de Manseriche. Streamlet near mouth of Rio Santiago.,Streamlet,On fallen logs,Alt. 400 m.,,,N/A,,,,6804,,,,Typed,no type status,,,,,,,
0109_C2077572F.jpg,,A.c. smith,N/A,,,,,,,E. B. Bartram,,,,,N/A,"Dec. 1-6, 1927",,British Guiana,,N/A,N/A,,"Basin of Essequibo River, near mouth of Oreo Creek","Basin of Essequibo River, near mouth of Oreo Creek","On decayed wood, in swamp",wood,about 173',,,N/A,,,,2746,,,,Typed,no type status,,,,,,,
0110_C2077573F.jpg,,J. Florischtze-de Waard,R. Zielman,,,,,,,Rudi Zielman,,,,,N/A,22-11-1981,,Suriname,,Nickerie,N/A,,"area of Kabalebo Dam project, distr. Nickerie, SE from road km 39.5","area of Kabalebo Dam project, southeast from road kilometer 39.5",Secondary wood with Cecropia (boopapaja) on rotting log,wood,ALT. 0-50 m,,,N/A,,,,5315,,,,Typed,no type status,,,,,,,
0111_C2077574F.jpg,,J. Fluoroschütz-de Waard,R. Zieltman,,,,,,,Zieltmann,,,,,N/A,d.d. 3-11-1981,,Surinamensis,,Suriname,N/A,,"Hab.: area of Kabalebo Dam project, along McKenzie line NW from road km 39.5, P. 51 SWM QU, SE, Savanna forest, on rotting log","area of Kabalebo Dam project, along McKenzie line northwest from road kilometer 39.5",Savanna forest,log,Alt.: 0 - 50 m.,,,N/A,,,,5254,,,,Typed,no type status,,,,,,,
0112_C2077575F.jpg,,J. florence,"De waard, R. zelezman",,,,,,,R. zieleman,,,,,N/A,3-10-1981,,Suriname,,Nickerie,N/A,,"Area of Kabalebo Dam Project, distr. Nickerie, Line W from road 34 km, P. 5-57 cu. SE, SP, Rainforest, on rotting log","Area of Kabalebo Dam Project, line west from road 34 kilometers","Rainforest, on rotting log",wood,0 - 50 m.,,,N/A,,,,5098,,,,Typed,no type status,,,,,,,
0113_C2077576F.jpg,,J.c. lindeman,"A.h.m. gorts-van rijn, M. jansen-jacobs, A. cittert-kraak",,,,,,,E. Zickerman,,,,,N/A,3-7-1980,,Suriname,,Nickerie,N/A,,"Area of Kabalebo Dam Project, distr. Nickerie","Area of Kabalebo Dam Project, district Nickerie",Forest of km. 28.7,Tree trunk,Alt.; 30 - 130 m.,,,"4° 50' N, 57° 30' 590"" W.",,,,243 A,,,,Typed,no type status,,,,,,,
0114_C2077577F.jpg,,J. Florschütz-de Waard,R. Zieleman,,,,,,,R. Zieleman,,,,,Astrocaryum,31 October 1981,,Suriname,,Distr. Nickerie,N/A,,"Kabalebo river area, 1 line W. from road km 34.","Kabalebo river area, 1 line west from road kilometer 34",Decaying log in marsh forest,Log,0-50 m,,,N/A,,,,5141,,,,Typed,no type status,,,,,,,
0115_C2077578F.jpg,,J. Florschütz,P.A. Florschütz,,,,,,,R. Ziemann and J. Florschütz-de Weard,,,,,N/A,18 December 1975,,Suriname,,Brownsberg,N/A,,"Brownsberg, trail to Leo Val, on rotting log in rainforest.","Brownsberg, trail to Leo Val, on rotting log",rainforest,log,ca. 500 m.,,,N/A,,,,4690,,,,Typed,no type status,,,,,,,
0116_C2077579F.jpg,,H. Cornelissen,S. R. Gradstein,,,,,,,J. Florschütz-de Waard,,,,,N/A,8 March 1977,,Guyana,,N/A,N/A,,"Mahdia Hill, 180 km S of Georgetown, 58°40'W","Mahdia Hill, 180 kilometers south of Georgetown",On rotting tree base in mixed rain forest,wood (rotting tree base),alt. 0-50 m.,,,5°20'N 58°40'W,,,,C076,,,,Typed,no type status,,,,,,,
0117_C2077580F.jpg,,Snook,N/A,,,,,,,R.R. Ireland and W.R. Buck,,,,,N/A,March 1941,,N/A,,N/A,N/A,,"H.A. Suter, nr Para","H.A. Suter, near Para",N/A,N/A,N/A,,,N/A,,,,321,,,,Mix of Handwritten and Typed,no type status,,,,,,,
0118_C2077581F.jpg,,Richard Evans Schultes,Isidoro Cabrera,,,,,,,H. A. Crum,,,,,N/A,"Oct. 22, 1951",,Colombia,,Vaupes,N/A,,"Rio Vaupés: Mitú and vicinity, Cerro Mitú",Cerro Mitú,N/A,N/A,N/A,,,"Lat. 1°0' N, Long. 70°0' W",,,,17922,,,,Mix of Handwritten and Typed,no type status,,,,,,,
0119_C2077582F.jpg,,Richard Evans Schultes,Isidoro Cabrera,,,,,,,H. A. Crum,,,,,N/A,"October 4-6, 1951",,Colombia,,Vaupés,N/A,,"Rio Kuduyarí (affluent of Rio Vaupés), Yapobodá, quartzite savannah.",Rio Kuduyarí (affluent of Rio Vaupés),"On rotten logs, quartzite savannah",N/A,N/A,,,N/A,,,,14294,,,,Typed,no type status,,,,,,,
0120_C2077583F.jpg,,Richard Evans Schultes,N/A,,,,,,,Dana G. Griffin III,,,,,N/A,June 1951,,Colombia,,Vaupés,N/A,,"Comisaria del Vaupés, Rio Apaporis, Soratama","Rio Apaporis, Soratama",On trunks,bark,N/A,,,N/A,,,,12309,,,,Typed,no type status,,,,,,,
0121_C2077584F.jpg,,Richard Evans Schultes,N/A,,,,,,,Dana Griffin III,,,,,N/A,Dec. 1950,,Colombia,,N/A,N/A,,San Jose del Guaviare,San Jose del Guaviare,N/A,N/A,N/A,,,N/A,,,,11128,,,,Typed,no type status,,,,,,,
0122_C2077585F.jpg,,Ynes mexia,N/A,,,,,,,N/A,,,,,N/A,"Aug. 31, 1931",,Brazil,,N/A,N/A,,"Districto Acre. [""Thomé Assú""; down Rio Acre] 3 km.","Districto Acre, ""Thomé Assú"", down Rio Acre, 3 kilometers",On fallen log,wood,Alt 35 m.,,,N/A,,,,6014,,,,Handwritten,no type status,,,,,,,
0123_C2077586F.jpg,,Ynes mexia,N/A,,,,,,,N/A,,,,,N/A,"July 16, ",,Brazil,,Pará,N/A,,"Districto Açará, Thome Assú. Japanese Colony.","Districto Açará, Thome Assú, Japanese Colony",On rotting log in woods,log,Alt. about 30m,,,N/A,,,,5914,,,,Typed,no type status,,,,,,,
0124_C2078862F.jpg,,Dana Griffin III,Manuel López Figueiras,,,,,,,N/A,,,,,N/A,no date,,Venezuela,,Estado Trujillo,N/A,,"Páramo de Guirigay, arriba del pueblo de La Piedrita. Entre los Caseríos El Blanco y El Carrizal, alrededor A.J.L. 3.20 km N monte adentro","Páramo de Guirigay, above the village of La Piedrita, between the hamlets of El Blanco and El Carrizal, approximately 3.20 kilometers north inward from A.J.L.","Sobre roca húmeda, lecho de riachuelo, a sol",rock,N/A,,,N/A,,,,PV-1525,,,,Typed,no type status,,,,,,,
0125_C2078913F.jpg,,P. Dusén,N/A,,,,,,,W. R. Buck,,,,,N/A,22 February 1897,,Chile,,Patagonia occidental,N/A,,Cerro Colorado,Cerro Colorado,N/A,N/A,N/A,,,N/A,,,,5872,,,,Typed,no type status,,,,,,,
0126_C2078924F.jpg,,Ynes mexia,N/A,,,,,,,Kenneth D. McFarland,,,,,N/A,"April 10,1936",,Chile,,Magallanes,N/A,,Las Hope Inlet; Peninsula Antonio Varas; Damp region in Nothofagus wood in moist earth.,Las Hope Inlet; Peninsula Antonio Varas; damp region in Nothofagus wood,Nothofagus wood in moist earth,soil,Alt. 25 M.,,,N/A,,,,8001,,,,Typed,no type status,,,,,,,
0127_C2078925F.jpg,,Marko Lewis,N/A,,,,,,,R. Ochyra,,,,,N/A,25 May 1979,,Bolivia,,DEPTO. ORURO,PROV. SAJAMA,,"Rio Juntuma thuma Khuchu, 2 mi. down from Aguas termales de Rio Juntuma Khuchu",2 miles down from Aguas termales de Rio Juntuma Khuchu,In Warnisher creek,N/A,4350 m.,,,"18°07' S, 69°00' W",,,,79-2108,,,,Typed,no type status,,,,,,,
0128_C2078926F.jpg,,Marko Lewis,N/A,,,,,,,R. Ochyra,,,,,N/A,25 May 1979,,Bolivia,,Oruro,Prov. Sajama,,"""DEPTO. ORURO, PROV. SAJAMA: Rio Juntuma Khuchu, 2 mi. down river from aguas termales de Rio Juntuma Khuchu, 4350 m.""","Rio Juntuma Khuchu, 2 miles down river from aguas termales de Rio Juntuma Khuchu",In warmish creek,N/A,4350 m,,,N/A,,,,79-2109,,,,Typed,no type status,,,,,,,
0129_C2078927F.jpg,,Marko Lewis,N/A,,,,,,,E. Ochyra,,,,,N/A,25 May 1979,,Bolivia,,Oruro,Sajama,,"DEPTO. ORURO, PROV. SAJAMA: Rio Jhunthuma Khuchu, c.4 km down river from Aguas termales de Rio Jhunthuma Khuchu, 4350 m, 18°07' S, 69°00' W. In warmish creek.","Rio Jhunthuma Khuchu, c.4 km down river from Aguas termales de Rio Jhunthuma Khuchu",In warmish creek.,N/A,4350 m,,,"18°07' S, 69°00' W",,,,79-2112,,,,Mix of Handwritten and Typed,no type status,,,,,,,
0130_C2078928F.jpg,,Marko,N/A,,,,,,,R. Ochyra,,,,,N/A,25 May 1979,,Bolivia,,Oruro,N/A,,"Depto. Oruro, Prov. Sajama: Rio Jhutuma Khuchu, 2 min down river from Aguas termales de Rio Jhutuma Khuchu","Rio Jhutuma Khuchu, 2 minutes down river from Aguas termales de Rio Jhutuma Khuchu",In warmish creek,soil,"4,350 m.",,,"17° 08' S, 69° 00' W",,,,79-2115,,,,Typed,no type status,,,,,,,
0131_C2078929F.jpg,,Marko Lewis,N/A,,,,,,,R. Ochyra,,,,,N/A,25 May 1979,,Bolivia,,Oruro,Sajama,,"Rio Jhutuma Khuchu, 2 mi. down river from Aguas termales de Rio Juntuma khuchu","Rio Jhutuma Khuchu, 2 miles down river from Aguas termales de Rio Juntuma khuchu",In warmish creek,N/A,N/A,,,N/A,,,,no. 79-2117,,,,Typed,no type status,,,,,,,
0132_C2078930F.jpg,,Marko Lewis,N/A,,,,,,,R. Ochyra,,,,,N/A,25 May 1979,,Bolivia,,Oruro,N/A,,"DEPTO. ORURO, PROV. SAJAMA: Rio Juntuma khunu, 2 km. down river from Aguas termales de Rio Juntuma Chico, 4350 m., 17° 08' S, 69° 00' W. In warmish creek.","Rio Juntuma khunu, 2 km down river from Aguas termales de Rio Juntuma Chico, in warmish creek",N/A,N/A,4350 m.,,,"17° 08' S, 69° 00' W",,,,79-2118,,,,Typed,no type status,,,,,,,
0133_C2078931F.jpg,,Marko Lewis,N/A,,,,,,,R. Ochyra,,,,,N/A,25 May 1979,,Bolivia,,Oruro,Sajama,,"DEPTO. ORURO, PROV. SAJAMA: Río Juntuma Khuchu, 2 mi. down river from Aguas termales de Río Juntuma Khuchu, 4350 m, 18° 07' S, 69° 00' W. In warmish creek.","DEPTO.  ORURO, PROV.  SAJAMA: Río Juntuma Khuchu, 2 miles down river from Aguas termales de Río Juntuma Khuchu. In warmish creek.",N/A,N/A,4350 m,,,"18° 07' S, 69° 00' W",,,,79-2107,,,,Typed,no type status,,,,,,,
0134_C2078932F.jpg,,Marko lewis,N/A,,,,,,,E. Ochyra,,,,,N/A,25 May 1979,,Bolivia,,Oruro,N/A,,"DEPTO. ORURO, PROV. SAJAMA: Rio Jhunthuma Khuchu, 2 mi. down river from Aguas termales de Rio Jhuncalachuma Khuchu","Rio Jhunthuma Khuchu, 2 miles downriver from Aguas termales de Rio Jhuncalachuma Khuchu",In warmish creek,N/A,4350 m.,,,N/A,,,,79-2119,,,,Typed,no type status,,,,,,,
0135_C2079350F.jpg,,Ynes Mexia,N/A,,,,,,,Bartram,,,,,N/A,"Nov. 23, 1931",,Peru,,Departamento de Loreto,N/A,,Above Pongo de Manseriche. Left bank of Rio Santiago.,"Above Pongo de Manseriche, left bank of Rio Santiago",In stone in overflow forest,stone,Alt. 200 m.,,,N/A,,,,6149,,,,Typed,no type status,,,,,,,
0136_C2079351F.jpg,,N/A,N/A,,,,,,,Bartram,,,,,N/A,"25 Aug, 1931",,Peru,,Loreto,N/A,,Above Pongo de Manseriche. Right bank of Rio Santiago.,"Above Pongo de Manseriche, right bank of Rio Santiago",Dense forest on log,log,Alt. 200 m.,,,N/A,,,,N/A,,,,Typed,no type status,,,,,,,
0137_C2079352F.jpg,,Ynes Mexia,N/A,,,,,,,Bartram,,,,,N/A,"Dec. 4, 1931",,Peru,,Loreto,N/A,,Above Pongo de Manseriche,Above Pongo de Manseriche. Streamlet on right bank of Rio Santiago.,Streamlet on right bank of Rio Santiago. On rocks wet by spray.,rock,Alt. 250 m.,,,N/A,,,,6217-a,,,,Handwritten,no type status,,,,,,,
0138_C2079353F.jpg,,Ynes Mexia,N/A,,,,,,,Bartram,,,,,N/A,"Dec. 12, 1931",,Peru,,Loreto,N/A,,Above Pongo de Manseriche.,Above Pongo de Manseriche,Forest,Bark,215 m.,,,N/A,,,,6259,,,,Typed,no type status,,,,,,,
0139_C2079354F.jpg,,Ynes Mexia,N/A,,,,,,,Bartram,,,,,N/A,"Jan. 3, 1932",,Peru,,Departamento de Loreto,N/A,,Above Pongo de Manseriche,Above Pongo de Manseriche,Grove Inneho,On earth collected on inclined tree trunk,Alt. 215 m.,,,N/A,,,,6356,,,,Typed,no type status,,,,,,,
0140_C2079355F.jpg,,Ynes Mexia,N/A,,,,,,,N/A,,,,,+Taxithelium planum (Brid.) Mitt.,"Jan. 3, 1932",,Peru,,Loreto,N/A,,"Above Pongo de Manseriche, Creek Tinche, on rotten log, Stonilolo","Above Pongo de Manseriche, Creek Tinche, on rotten log, Stonilolo",N/A,rotten log,Alt. 215 m.,,,N/A,,,,6754,,,,Typed,no type status,,,,,,,
0141_C2079356F.jpg,,Ynes Mexia,N/A,,,,,,,Brotherus,,,,,N/A,"Jan. 3, 1938",,Peru,,Loreto,N/A,,Above Pongo de Manseriche,Above Pongo de Manseriche,Crook limb. On rotten log.,log,215 m.,,,N/A,,,,6375,,,,Typed,no type status,,,,,,,
0142_C2079357F.jpg,,Ynes Mexia,N/A,,,,,,,N/A,,,,,N/A,"Jan. 5, 1932",,Peru,,Departamento de Loreto,N/A,,Above Pongo de Manseriche,Above Pongo de Manseriche,On rotten log,wood,Alt. 215 m.,,,N/A,,,,8377,,,,Typed,no type status,,,,,,,
0143_C2079358F.jpg,,Ynes Mexia,N/A,,,,,,,det. Bartram,,,,,N/A,"May 14,1936",,Peru,,Cuzco,La Convencion,,Prov(incia) La Convencion; upper valley of the Sambuyacu; affluent of the Vilcanota; on rotten logs in virgin forest,"upper valley of the Sambuyacu, affluent of the Vilcanota, on rotten logs",virgin forest,wood,alt. 1800 m,,,N/A,,,,8070,,,,Typed,no type status,,,,,,,
0144_C2079359F.jpg,,Ynes Mexia,N/A,,,,,,,Bartram,,,,,N/A,"May 14,1936",,Peru,,Cuzco,La Convencion,,upper valley of the Sambay; affluent of the Vilcanota,upper valley of the Sambay; affluent of the Vilcanota,on rotten logs in virgin forest,wood,1600 m.,,,N/A,,,,8070,,,,Typed,no type status,,,,,,,
0145_C2079360F.jpg,,Reitz,N/A,,,,,,,N/A,,,,,N/A,9.I.46,,Brasil,,Santa Catarina,N/A,,"Bom Jardim, Braço","Bom Jardim, Braço",Epífito em árvore de mata virgem,bark,550 m,,,N/A,,,,222,,,,Typed,no type status,,,,,,,
0146_C2079361F.jpg,,F. Hermann,N/A,,,,,,,H. Robinson,,,,,N/A,"December 19, 1972",,Colombia,,Santander,N/A,,"On base of tree trunk, Parquitas, alt. ca. 4000 ft., 1/4 miles NW. FLORIDA","On base of tree trunk, Parquitas, 1/4 miles northwest",N/A,bark,alt. ca. 4000 ft.,,,N/A,,,,20519,,,,Typed,no type status,,,,,,,
0147_C2079362F.jpg,,Richard Evans Schultes,N/A,,,,,,,Dana Griffin III,,,,,N/A,"Dec., 1950",,Colombia,,Intendencia del Meta,N/A,,alrededores de Villavicencio.,alrededores de Villavicencio,N/A,N/A,Alt 500 m.,,,N/A,,,,11107,,,,Mix of Handwritten and Typed,no type status,,,,,,,
0148_C2079715F.jpg,,J.p. frahm,"P. geissler, S.r. gradstein, G. philipp, W. schulze-motel",,,,,,,W. Schulze-Motel,,,,,N/A,4.9.1982,,Peru,,Amazonas,Chachapoyas,,"Dep. Amazonas, Prov. Chachapoyas, Straße Chachapoyas Cajamarca oberhalb Leimebamba km 417, sexponierten Hang, hochandiner Regenwald auf Kalkstein",Straße Chachapoyas Cajamarca oberhalb Leimebamba km 417,hochandiner Regenwald auf Kalkstein,soil,2800 msn.,,,N/A,,,,875,,,,Typed,no type status,,,,,,,
0149_C2079716F.jpg,,J. Kenneth Wright,N/A,,,,,,,E. Robinson,,,,,N/A,1 April 1964,,Peru,,Amazonas,Chachapoyas,,"Cerros Calla Calla, east side, 5 km. above Leimebamba on the road to Balsas, at San Miguel (no buildings at this locality)","Cerros Calla Calla, east side, 5 kilometers above Leimebamba on the road to Balsas, at San Miguel (no buildings at this locality)",N/A,N/A,Altitude 4800 m.,,,N/A,,,,4806,,,,Mix of Handwritten and Typed,no type status,,,,,,,
0150_C2079717F.jpg,,Lassy,"G. Pereira, E. Ll. Pereira",,,,,,,Dana Griffin III,,,,,N/A,30 October 1988,,Venezuela,,Estado Merida,N/A,,"Páramo de Los Granates, finca de Los Granates, a lo largo del río de Los Granates y en la lomas cercanas","Páramo de Los Granates, finca de Los Granates, along the river of Los Granates and in the nearby hills",Sobre roca seca a sombra,rock,"3,000-3,300 m",,,N/A,,,,PV-966,,,,Typed,no type status,,,,,,,
0151_C2079718F.jpg,,Ynes Mexia,N/A,,,,,,,A. L. Smith,,,,,N/A,"April 21, 1931",,Brazil,,State of Minas Gerais,N/A,,Fazenda do Diamante. Campo Firme.,"Campo Firme, Fazenda do Diamante.",Base of living tree in shade.,bark,Alt. 500 m.,,,N/A,,,,5677,,,,Typed,no type status,,,,,,,
0152_C2079719F.jpg,,N/A,N/A,,,,,,,N/A,,,,,N/A,N/A,,N/A,,N/A,N/A,,N/A,N/A,N/A,N/A,N/A,,,N/A,,,,N/A,,,,Typed,no type status,,,,,,,
0153_C2079720F.jpg,,Marko Lewis,N/A,,,,,,,W. R. Buck,,,,,N/A,8 February 1979,,Bolivia,,Tarija,Prov. Méndez,,"DEPTO. TARIJA, PROV. MÉNDEZ; PROV. CERCADO/PROV. AVILÉS; Canyon 55 mi. SW of Tarija, SW of Tajzara; 21°30′S, 64°49′W","Canyon 55 miles southwest of Tarija, southwest of Tajzara",Bank of creek,N/A,2160 m.,,,"21°30'S, 64°49'W",,,,79-590,,,,Typed,no type status,,,,,,,
0154_C2079721F.jpg,,Marko Lewis,N/A,,,,,,,M. Buck,,,,,N/A,22 March 1979,,Bolivia,,La Paz,Larecaja,,"DEPTO. LA PAZ, PROV. LARECAJA; Near large red out-crop 2 mi. from Sorata down Rio Consata, 15° 41' S., 68° 43' W.",Near large red outcrop 2 miles from Sorata down Rio Consata,Very shady ground along creek in humid shrubs,soil,2600 m.,,,"15° 41' S., 68° 43' W.",,,,79-1220,,,,Typed,no type status,,,,,,,
0155_C2079722F.jpg,,Harry Ward Foote,N/A,,,,,,,N/A,,,,,N/A,Sept. 3,,N/A,,N/A,N/A,,on rocks near San Miguel,near San Miguel,N/A,rock,N/A,,,N/A,,,,N/A,,,,Handwritten,no type status,,,,,,,
0156_C2079723F.jpg,,Marko Lewis,N/A,,,,,,,W.R. Buck,,,,,N/A,1 April 1979,,Bolivia,,La Paz,Larecaja,,"DEPLO. LA PAZ, PROV. LARECAJA: Between Abra Hualitana and waterfall at Millipaya, 15°51' S, 68°39' W.",Between Abra Hualitana and waterfall at Millipaya.,"Waterfall ravine, highest extension of shrubs.",N/A,3780 m.,,,"15°51' S, 68°39' W.",,,,79-1346,,,,Typed,no type status,,,,,,,
0157_C2079595F.jpg,,H. Roivainen,N/A,,,,,,,R. Ochyra,,,,,N/A,25.I.1970,,Argentina,,Tierra del Fuego Australis,N/A,,"Ushuaia, Arroyo Grande","Ushuaia, along Arroyo Grande","On rock and humus-rich clayey roots of Nothofagus pumilio, on the edge of the waterfall","rock, roots",ca. 150 m,,,"54°47'S, 68°18'W",,,,2095,,,,Typed,no type status,,,,,,,
0158_C2079596F.jpg,,H. Roivainen,N/A,,,,,,,Ochyra,,,,,N/A,21.12.1969,,Argentina,,Tierra del Fuego australis,N/A,,Valle del río Pipo,Valle del río Pipo,Suelo humoso húmedo en el pendiente del río,soil,300 m s.m.,,,"(54°46'S, 68°20'W)",,,,1352,,,,Typed,no type status,,,,,,,
0159_C2079597F.jpg,,E. P. Killip,A. C. Smith,,,,,,,R. R. Ireland,,,,,N/A,"November 29, 1926",,Colombia,,Santander,N/A,,"between Puerto Wilches and Puerto Santos, Morroco to km 115","between Puerto Wilches and Puerto Santos, Morroco to kilometer 115",N/A,soil,N/A,,,N/A,,,,14971,,,,Mix of Handwritten and Typed,no type status,,,,,,,
0160_C2079598F.jpg,,Richard Evans Schultes,N/A,,,,,,,Dana Griffin III,,,,,N/A,"Dec., 1950",,Colombia,,Meta,N/A,,Intendencia del Meta: alrededores de Villavicencio,alrededores de Villavicencio,N/A,N/A,Alt. 500 m.,,,N/A,,,,11110,,,,Mix of Handwritten and Typed,no type status,,,,,,,
0161_C2079599F.jpg,,D.c. geijskes,N/A,,,,,,,H.R. ZIELMAN,,,,,N/A,29-9-1952,,Surinamensis,,N/A,N/A,,Marowijne River; Armina Falls; rainforest,Marowijne River; Armina Falls; rainforest,"On roots and rocks on bank of river, Shai.","roots, rocks",N/A,,,N/A,,,,N/A,,,,Typed,no type status,,,,,,,
0162_C2079600F.jpg,,Ynes Mexia,N/A,,,,,,,R.R. Ireland,,,,,N/A,"July 27, 1930",,Brazil,,Minas Gerais,N/A,,"Agricultural College land, Horticultural Hill,","Agricultural College land, Horticultural Hill",On rotten woods near base. Abundant.,wood,Alt. 870 m,,,N/A,,,,5431,,,,Typed,no type status,,,,,,,
0163_C2079601F.jpg,,Ynes Mexia,N/A,,,,,,,R.R. Ireland,,,,,N/A,"July 21, 1930",,Brazil,,Minas Geraes,N/A,,Viçosa Agricultural College Bank.,Viçosa Agricultural College Bank,Shady streambank in rotten wood,wood,Alt. 675 m.,,,N/A,,,,8488,,,,Typed,no type status,,,,,,,
0164_C2079602F.jpg,,Ynes Mexia,N/A,,,,,,,R.R. Ireland,,,,,N/A,"Dec. 8, 1930",,Brazil,,Minas Gerais,N/A,,Road to Sao Luiz.,Road to Sao Luiz,Dense forest on rotten log,log,Alt. 710 m,,,N/A,,,,8500,,,,Handwritten,no type status,,,,,,,
0165_C2079603F.jpg,,Ynes Mexia,N/A,,,,,,,R. R. Ireland,,,,,N/A,"Dec. 23, 1930",,Brazil,,Minas Gerais,N/A,,Viçosa Agricultural College lands. Base of Horticulture Hill.,Base of Horticulture Hill,on rotting logs in woods,log,Alt. 670 m.,,,N/A,,,,5441,,,,Typed,no type status,,,,,,,
0166_C2079604F.jpg,,H. S. Irwin,"R. M. Harley, G. L. Smith",,,,,,,R. R. Ireland,,,,,N/A,2 Março 1971,,Brasil,,N/A,N/A,,Valley of the Rio das Ondas,Valley of the Rio das Ondas,"On the bark and exposed roots of Cecropia pachystachya and on adjacent soil, at river bank, Cerrado gallery forest and adjacent out-curve, ca. 10 km W. of Barreiras",bark and soil,ca. 500 m.,,,N/A,,,,31332,,,,Typed,no type status,,,,,,,
0167_C2079606F.jpg,,Ynes mexia,N/A,,,,,,,R.R. Ireland,,,,,N/A,"July 21, 1922",,Brazil,,Minas Gerais,N/A,,"Vicosa Agricultural College lands, Corrego Felizbino","Vicosa Agricultural College lands, Corrego Felizbino","Shady streambanks, on rotten logs",log,Alt 675m,,,N/A,,,,4884,,,,Typed,no type status,,,,,,,
0168_C2079607F.jpg,,Yes messias,N/A,,,,,,,R.R. Ireland,,,,,N/A,"May 14, 1930",,Brazil,,Minas Gerais,N/A,,"Fazenda de Crosstium, Wood on slope. On rotten log.","Fazenda de Crosstium, wood on slope, on rotten log",Wood on slope,Wood,Alt. 700 m.,,,N/A,,,,4690,,,,Typed,no type status,,,,,,,
0169_C2079608F.jpg,,Ynes Mexia,N/A,,,,,,,R. R. Ireland,,,,,N/A,"July 21, 1930",,Brazil,,Minas Geraes,N/A,,Viçosa Agricultural College lands. Carrigo Ribiero.,"Viçosa Agricultural College lands, Carrigo Ribiero","Shady streambank, on rotten log",Wood,Alt. 675 m.,,,N/A,,,,4884,,,,Typed,no type status,,,,,,,
0170_C2079609F.jpg,,Ynes Mexia,N/A,,,,,,,R. R. Ireland,,,,,N/A,"March 31, 1930",,Brazil,,State of Minas Gerais,N/A,,"Vicosa. Road to São Miguel. Near stream ""Turia-assu.""","Road to São Miguel, near stream ""Turia-assu""",Cut over woods on slope. On rotting tree trunk.,wood,Alt. 710 m.,,,N/A,,,,4545,,,,Handwritten,no type status,,,,,,,
0171_C2079611F.jpg,,W. Schäffer,N/A,,,,,,,Robert R. Ireland,,,,,N/A,N/A,,Brasil,,Sao Paulo,N/A,,"prope Urbem Campinas, in palude","Prope Urbem Campinas, in palude",N/A,N/A,650 m.,,,N/A,,,,2898,,,,Typed,no type status,,,,,,,
0172_C2079856F.jpg,,Ynes mexia,N/A,,,,,,,R.R. Ireland,,,,,N/A,"July 6, 1930",,Brazil,,Minas Gerais,N/A,,Viçosa Agricultural College lands,Viçosa Agricultural College lands,"Horticultural College lands, on over woods near base",Soil,Alt. 670 m.,,,N/A,,,,4641,,,,Typed,no type status,,,,,,,
0173_C2079858F.jpg,,R. S. Williams,N/A,,,,,,,R. R. Ireland,,,,,N/A,"April 2, 1902",,Bolivia,,N/A,N/A,,"Am Cerro Sontora, 12000 ft.",Cerro Sontora,N/A,N/A,12000 ft.,,,N/A,,,,2041,,,,Typed,no type status,,,,,,,
0174_C2079859F.jpg,,R.s. williams,N/A,,,,,,,R.r. ireland,,,,,N/A,1901-1902,,Bolivia,,N/A,N/A,,Mosses of Bolivia,Mosses of Bolivia,N/A,N/A,N/A,,,N/A,,,,2037,,,,Mix of Handwritten and Typed,no type status,,,,,,,
0175_C2010970F.jpg,,I. Hagen,N/A,,,,,,,N/A,,,,,N/A,N/A,,Norway,,N/A,N/A,,N/A,Kristiania,N/A,N/A,altit. mtr. 200-210,,,N/A,,,,N/A,,,,Typed,no type status,,,,,,,
0176_C2010972F.jpg,,N/A,N/A,,,,,,,N/A,,,,,N/A,N/A,,England,,N/A,N/A,,N/A,N/A,N/A,N/A,N/A,,,N/A,,,,N/A,,,,Typed,no type status,,,,,,,
0177_C2000534F.jpg,,Coupin,N/A,,,,,,,N/A,,,,,N/A,1878,,France,,Pyrénées,N/A,,Gorges de Jeret,Gorges de Jeret,N/A,soil,N/A,,,N/A,,,,1378,,,,Handwritten,no type status,,,,,,,
0178_C2000536F.jpg,,Mitten,N/A,,,,,,,N/A,,,,,N/A,no date,,England,,Sussex,N/A,,"Sussex, England","Sussex, England",N/A,N/A,N/A,,,N/A,,,,N/A,,,,Typed,no type status,,,,,,,
0179_C2000538F.jpg,,Orrin W.,N/A,,,,,,,N/A,,,,,N/A,N/A,,United States,,Connecticut,N/A,,"Upper Pond, Conn.",Upper Pond,N/A,N/A,N/A,,,N/A,,,,N/A,,,,Handwritten,no type status,,,,,,,
0180_C2000542F.jpg,,Ed. Jeanpert,N/A,,,,,,,N/A,,,,,N/A,inept.,,France,,Hautes-Alpes,N/A,,Villar d'Arène,Villar d'Arène,N/A,N/A,N/A,,,N/A,,,,N/A,,,,Handwritten,no type status,,,,,,,
0181_C2000932F.jpg,,C. Maler Frh.,N/A,,,,,,,E. Bauer,,,,,N/A,9. Sept. 1905,,N/A,,N/A,N/A,,"Schwab. Baiern: auf Erde in Felsritzen zwischen Blinken und Seebeck auf Felbergee, (etwa 1210 m. W. S. M.)",auf Erde in Felsritzen zwischen Blinken und Seebeck auf Felbergee,N/A,soil,etwa 1210 m. W. S. M.,,,N/A,,,,476,,,,Mix of Handwritten and Typed,no type status,,,,,,,
0182_C2000934F.jpg,,Zd. Pilous,N/A,,,,,,,N/A,,,,,N/A,V.1946,,Czechoslovakia,,Bohemia,N/A,,"Kontece Klinovec, In declivis graminosis silvaticis prope pagum Hof in Vrchlabi, ca 850 m","Kontece Klinovec, In declivis graminosis silvaticis prope pagum Hof in Vrchlabi",graminosis silvaticis ,soil,ca 850 m,,,N/A,,,,N/A,,,,Handwritten,no type status,,,,,,,
0183_C2000936F.jpg,,James Thompson,N/A,,,,,,,James Thompson (assumed as the same person who collected the specimen),,,,,N/A,1843,,Scotland,,N/A,N/A,,N/A,N/A,N/A,N/A,N/A,,,N/A,,,,N/A,,,,Handwritten,no type status,,,,,,,
0184_C2000938F.jpg,,N/A,N/A,,,,,,,N/A,,,,,N/A,N/A,,N/A,,N/A,N/A,,N/A,N/A,N/A,N/A,N/A,,,N/A,,,,N/A,,,,Typed,no type status,,,,,,,
0185_C2000940F.jpg,,N/A,N/A,,,,,,,T. N. Johnson,,,,,N/A,MAY 1945,,N/A,,N/A,N/A,,N/A,N/A,N/A,N/A,N/A,,,N/A,,,,N/A,,,,Typed,no type status,,,,,,,
0186_C2000943F.jpg,,C. Jensen,N/A,,,,,,,N/A,,,,,N/A,25/10 1901,,Denmark,,N/A,N/A,,"Sjaelland, Naestved, Kraekoven by Glumsø in a gravel-pit","Sjaelland, Naestved, Kraekoven by Glumsø in a gravel-pit",N/A,gravel-pit,N/A,,,N/A,,,,N/A,,,,Typed,no type status,,,,,,,
0187_C2000945F.jpg,,E. Jeanpert,N/A,,,,,,,N/A,,,,,N/A,15-16 Oct 1893,,N/A,,N/A,N/A,,Bords du Priou Altitude vers 1200 m environ cummune de prognath,Bords du Priou,N/A,N/A,Altitude vers 1200 m,,,N/A,,,,N/A,,,,Handwritten,no type status,,,,,,,
0188_C2000947F.jpg,,Herbarium Ed. Jeanpert,N/A,,,,,,,N/A,,,,,N/A,N/A,,N/A,,N/A,N/A,,Type de l'auteur,Type de l'auteur,N/A,N/A,N/A,,,N/A,,,,N/A,,,,Handwritten,no type status,,,,,,,
0189_C2000949F.jpg,,N/A,N/A,,,,,,,N/A,,,,,N/A,MAY 1946,,Scotland,,N/A,N/A,,Scotland,Scotland,N/A,N/A,N/A,,,N/A,,,,N/A,,,,Mix of Handwritten and Typed,no type status,,,,,,,
0190_C2010614F.jpg,,Ex herb. dl. Gerard,Malcuit,,,,,,,N/A,,,,,N/A,VI. 18. 1934,,France,,Haute Savoie,Vallée d'Aulps,,"Sur terre parmi les aiguilles de Pins a Brise, (Jardin du diable) Val d'Aulps","Brise (Jardin du diable), Val d'Aulps",N/A,soil,1750 m,,,N/A,,,,N/A,,,,Handwritten,no type status,,,,,,,
0191_C2010616F.jpg,,M. Arnaud,N/A,,,,,,,N/A,,,,,N/A,7-03-1976,,Belgium,,N/A,N/A,,Tourbière de Malonne près de Namur,Tourbière de Malonne,tourbière,soil,alt. 170 m,,,N/A,,,,75.570,,,,Typed,no type status,,,,,,,
0192_C2010618F.jpg,,Dixon's,N/A,,,,,,,N/A,,,,,N/A,N/A,,N/A,,N/A,N/A,,N/A,N/A,N/A,N/A,N/A,,,N/A,,,,Exsiccati,,,,Typed,no type status,,,,,,,
0193_C2010620F.jpg,,J. G. Jack,N/A,,,,,,,N/A,,,,,N/A,23. August 1880,,Germany,,Baden,N/A,,Am Waldhafen bei Säck.,Am Waldhafen bei Säck.,N/A,N/A,N/A,,,N/A,,,,968 A,,,,Typed,no type status,,,,,,,
0194_C2010622F.jpg,,J. Maier,Singerhaus,,,,,,,N/A,,,,,N/A,17. Oktober 1962,,Austria,,Steiermark,N/A,,A. a. Gipfel d. Waldstein u. auf den nebem Bausteinbruche oberhalb Dorfkulm,Gipfel des Waldstein and auf den neben Bausteinbruche oberhalb Dorfkulm,N/A,N/A,N/A,,,N/A,,,,995B,,,,Typed,no type status,,,,,,,
0195_C2010624F.jpg,,L. Kühnlein,Schaffhausen,,,,,,,N/A,,,,,N/A,September 1892,,N/A,,N/A,N/A,,N/A,N/A,N/A,N/A,N/A,,,N/A,,,,9638 d,,,,Typed,no type status,,,,,,,
0196_C2010626F.jpg,,C. Jensen,N/A,,,,,,,N/A,,,,,N/A,"November 21, 1901",,New Zealand,,N/A,N/A,,sandy soil in Magntaskoven south of Hvalsø.,sandy soil in Magntaskoven south of Hvalsø,sandy soil,soil,N/A,,,N/A,,,,104,,,,Typed,no type status,,,,,,,
0197_C2010974F.jpg,,P. Allorge,N/A,,,,,,,P. Allorge,,,,,N/A,"Avril, Mai 1928",,Spain,,Navarra,N/A,,"Puerto de Izabeta (Navarra), luttes (schistes) avec Alois saxtilis L., Dactylis polygama et (Loranthus europaeus L., Laureria Schimpi., Rhododendron hirsutum L., etc. — Alt. (p. environ 1650 m.)",Puerto de Izabeta,"luttes (schistes) avec Alois saxtilis L., Dactylis polygama et Loranthus europaeus L., Laureria Schimpi., Rhododendron hirsutum L., etc.",N/A,environ 1650 m,,,N/A,,,,49,,,,Handwritten,no type status,,,,,,,
0198_C2010976F.jpg,,Zd pilous,N/A,,,,,,,N/A,,,,,N/A,VII.1949,,Slovakia,,N/A,N/A,,"Montes ""Mále"" Tatry: In terra montis ""Dumbier"", ca 1840 m","Montes Mále Tatry, In terra montis Dumbier, approximately 1840 meters",N/A,soil,ca 1840 m,,,N/A,,,,1025,,,,Typed,no type status,,,,,,,
0199_C1042257F.jpg,,S. Churchill,N/A,,,,,,,S. Churchill,,,,,N/A,12 May 2004,,Bolivia,,Chuquisaca,N/A,,"Belisario Boeto Villa Serrano, Monte Grande, ca. 32 km de Villa Serrano","Belisario Boeto Villa Serrano, Monte Grande, approximately 32 kilometers from Villa Serrano","Musgo sobre rama de árbol; c.f.r.; con N. chilensis. Con Hualtaya, R. Lozano, M. Serrano",bark,2740 m,,,"18°43'6""S 64°29'07""W",,,,22863,,,,Typed,no type status,,,,,,,
0200_V0607965F.jpg,,D.W. Thomas,E. Lughadha,,,,,,,D.W. Thomas,,,,,N/A,18 May 1987,,Cameroon,,Southwest,N/A,,"Degraded forest at Barombi Kang, Kumba","Degraded forest at Barombi Kang, Kumba",Degraded forest,soil,150 m,,,04°36'N 09°27'E,,,,6988,,,,Typed,no type status,,,,,,,
0201_V0591661F.jpg,,D.w. thomas,N/A,,,,,,,D.W. Thomas,,,,,N/A,1987,,Cameroon,,Southwest,N/A,,PRCV: Southwest: Korup National Park. Primary rain forest,"Korup National Park, Primary rain forest",Primary rain forest,N/A,600 m,,,05°02'N 08°50'E,,,,6850,,,,Typed,no type status,,,,,,,
0202_V0606676F.jpg,,Fulle-b,Wood,,,,,,,M. Nee,,,,,N/A,12. 1938,,Africa,,Bamenda,British Cameroons,,"Bamenda, British Cameroons",Bamenda,Shrub very thorny and spinose,soil,"4,150-5,500 ft.",,,N/A,,,,394,,,,Mix of Handwritten and Typed,no type status,,,,,,,
0203_V0574226F.jpg,,J. M. Fay,N/A,,,,,,,"Mike Assi, 1998",,,,,N/A,4 March 1988,,Cameroon,,N/A,N/A,,On the Sangha River across from Makana gorilla study area,On the Sangha River across from Makana gorilla study area,"In seasonally flooded forest with Uapaca guineense, Pericopsis elata, Bombax sp.",soil,385 m,,,02°20'N 16°08'E,,,,8294,,,,Typed,no type status,,,,,,,
0204_V0570110F.jpg,,J. M. Fay ,N/A ,,,,,,,"Ake Assi, 1988 ",,,,,N/A ,28 February 1988 ,,Cameroon ,,N/A ,N/A ,,"Along the Sangha River adjacent to the island of Kilona. In riparian forest adjacent to seasonally flooded forest with Irvingia, Erythrina, Guibourtia demeusei, Berlinia sp. Prec. 1400 m ",Along the Sangha River adjacent to the island of Kilona ,In riparian forest adjacent to seasonally flooded forest ,soil ,1400 m ,,,02°21'N 16°09'E 385 m ,,,,8271 ,,,,Handwritten ,no type status,,,,,,,
0205_V0604513F.jpg,,J. Nemba,D.W. Thomas,,,,,,,D.W. Thomas,,,,,N/A,15 June 1987,,CAMEROON,,SOUTHWEST,N/A,,Secondary growth and old growth forest; along Kumba-Mamfe road at the 14 1st Kilometer.,Secondary growth and old growth forest along Kumba-Mamfe road at the 14 1st kilometer,Secondary growth and old growth forest,N/A,200 m,,,04°44'N 09°29'E,,,,0660/0052-L,,,,Typed,no type status,,,,,,,
0206_V0567306F.jpg,,Sue A. Thompson,N/A,,,,,,,N/A,,,,,N/A,9 July 1984,,Cameroon,,Prov. Sud-Ouest,Dept. Fako,,"Prov. Sud-Ouest, Dept. Fako: Bakingili",Trail up Mt. Cameroon,growing on wet rocks,rock,Alt. 50-250 m.,,,"4°04'N, 9°02'E.",,,,1522,,,,Typed,no type status,,,,,,,
0207_V0605928F.jpg,,Sue a thompson,John e rawlins,,,,,,,N/A,,,,,N/A,3 June 1984,,Cameroon,,Prov. Sud-Ouest,Dept. Fako,,Bakundu,Bakundu,N/A,N/A,Alt. 0 m.,,,N/A,,,,1333,,,,Typed,no type status,,,,,,,
0208_V0594376F.jpg,,J.m. fay,N/A,,,,,,,J.M. Fay,,,,,N/A,25 May 1987,,Central African Republic,,Manovo-Gounda-St. Floris,N/A,,Vicinity of Camp Koumbala,Vicinity of Camp Koumbala,Park,Soil,600 m,,,08°29'N 21°12'E,,,,8017,,,,Typed,no type status,,,,,,,
0209_V0594158F.jpg,,A. Leonard,N/A,,,,,,,J. Leonard,,,,,N/A,29/5/1959,,N/A,,N/A,N/A,,Masisi,Masisi,Vieille forêt secondaire,N/A,Alt. 1900m,,,N/A,,,,3149,,,,Mix of Handwritten and Typed,no type status,,,,,,,
0210_V0573776F.jpg,,E. Heller,J.E. McLain,,,,,,,L. Kükenthal,,,,,N/A,"Jan. 16 to Feb. 19, 1906",,Congo Free State,,N/A,N/A,,"Rhino Camp"", ""Rubber Lojelu Island, Lake Edward","""Rhino Camp"", Rubber Lojelu Island, Lake Edward",N/A,soil,N/A,,,N/A,,,,8252,,,,Mix of Handwritten and Typed,no type status,,,,,,,
0211_V0576008F.jpg,,F. G. Overlaet,N/A,,,,,,,Borge Pettersson,,,,,N/A,N/A,,Belgian Congo,,N/A,N/A,,N/A,N/A,N/A,N/A,N/A,,,N/A,,,,19234,,,,Typed,no type status,,,,,,,
0212_V0574052F.jpg,,F. G. Overlaet,N/A,,,,,,,N/A,,,,,N/A,N/A,,Belgian Congo,,N/A,N/A,,N/A,N/A,N/A,N/A,N/A,,,N/A,,,,19324,,,,Typed,no type status,,,,,,,
0213_V0603038F.jpg,,F. Szafranski,N/A,,,,,,,N/A,,,,,N/A,2.2.1988,,Haut-Zaire,,Haut-Zaire,N/A,,bas fond marécageux près de la route aux environs de l'usine SOCODIA,bas fond marécageux près de la route aux environs de l'usine SOCODIA,bas fond marécageux près de la route aux environs de l'usine SOCODIA,N/A,N/A,,,N/A,,,,1378,,,,Typed,no type status,,,,,,,
0214_V0580516F.jpg,,G. Troupin,N/A,,,,,,,N/A,,,,,N/A,1/02/1958,,N/A,,Kivu,Kalehe,,"Territ. Kalehe Loco: Vers 110 route Kavumu-Walungu/Tshivanga, Territ. Tshivanga, Alt. 1950-2000 m.","Vers 110 route Kavumu-Walungu/Tshivanga, Territ. Tshivanga",Forêt ombrophile.,Soil,Alt. 1950-2000 m.,,,N/A,,,,6333,,,,Typed,no type status,,,,,,,
0215_V0605675F.jpg,,N/A,N/A,,,,,,,N/A,,,,,N/A,24.V.1959,,N/A,,Kivu,Tshuapa,,"Vers 1700 m NNE territoire de LUBUTU, vieux socle a W of lac Tumba","Vers 1700 meters north-northeast of the territory of Lubutu, old base west of Lake Tumba",Forêt ombrophile,N/A,850 - 900 m,,,N/A,,,,6047,,,,Typed,no type status,,,,,,,
0216_V0580026F.jpg,,H. Callens,N/A,,,,,,,H. Callens,,,,,N/A,Juillet 1958,,Congo Belge,,Kasai,N/A,,Kisantu,Kisantu,N/A,N/A,N/A,,,N/A,,,,1584065,,,,Typed,no type status,,,,,,,
0217_V0597688F.jpg,,J. Lebrun,N/A,,,,,,,N/A,,,,,N/A,About 1935,,Congo Belg. ,,N/A,N/A,,Isiro (Uélé Itimbiri),Isiro,N/A,N/A,N/A,,,N/A,,,,8409,,,,Mix of Handwritten and Typed,no type status,,,,,,,
0218_V0597557F.jpg,,N/A,N/A,,,,,,,N/A,,,,,N/A,25.VIII.2003,,"Pays: (Field not filled in, information missing or obscured)",,Province: Sud-Kivu,Territoire: Kabare,,Localité: Musisi,Musisi,N/A,N/A,Altitude: (Field not filled in),,,Coordonnées géographiques: (Field not filled in),,,,48,,,,Typed,no type status,,,,,,,
0219_V0580728F.jpg,,F. N. Howes,N/A,,,,,,,N/A,,,,,N/A,29.vii.1959,,Indonesia,,N/A,N/A,,"South West of Crater Lake. Clearing in wood, scrambling over herbage.",South West of Crater Lake,Clearing in wood,soil,"1,500ft",,,N/A,,,,199,,,,Typed,no type status,,,,,,,
0220_V0578553F.jpg,,C. Aedo,L. C. Pérez & C. Romero,,,,,,,Cebolla & M. A. Rivas Ponce,,,,,N/A,5-II-1989,,Equatorial Guinea,,Bioco,N/A,,"cumbre del pico Basilé, 32NMJ7396, 2370 m. márgenes de la pista, Fernandéz",cumbre del pico Basilé,márgenes de la pista,soil,2370 m.,,,32NMJ7396,,,,2200806,,,,Typed,no type status,,,,,,,
0221_V0577892F.jpg,,Carvalho,N/A,,,,,,,C. Cebolla & M.A. Rivas Ponce (UAM),,,,,N/A,26-VII-1980,,Equatorial Guinea,,Bioko,N/A,,"*Malabo, finca las Carboneras, 32NMK7415, m. Bosque secundario y terrenos incultos","Malabo, finca las Carboneras",Bosque secundario y terrenos incultos,soil,N/A,,,32NMK7415,,,,2102,,,,Typed,no type status,,,,,,,
0222_V0601406F.jpg,,T.c. wrigley,Halerinville,,,,,,,A. W. Exell,,,,,N/A,15 July 1959,,N/A,,N/A,N/A,,"ARUHORI Ridge west of Crater Lake, Cameroon Mt.","ARUHORI Ridge west of Crater Lake, Cameroon Mt.",Open woodland,soil,1200m. Alt.,,,N/A,,,,52,,,,Typed,no type status,,,,,,,
0223_V0571550F.jpg,,A. Pappi,N/A,,,,,,,T.M. Upson,,,,,N/A,14/5-5/VI/1902,,Eritrea,,N/A,N/A,,ERITREA-ASSAORTA - lungo il torrente Hagadas,Lungo il torrente Hagadas,N/A,N/A,N/A,,,N/A,,,,2642,,,,Typed,no type status,,,,,,,
0224_V0602609F.jpg,,Schimper,N/A,,,,,,,N/A,,,,,N/A,October 1837,,Abyssinia septentrionalis (Colonia Eritrea),,N/A,N/A,,Agametí: fonte sub umbra Aloidendron dichotomae,"Agametí, under the shade of Aloidendron dichotoma",fonte sub umbra (under the shade),N/A,1520 s/m,,,N/A,,,,1414,,,,Handwritten,no type status,,,,,,,
0225_V0577681F.jpg,,C.j.p. Ssegeler,N/A,,,,,,,G.J.H. Amshoff,,,,,N/A,dd-23 October 1972,,Ethiopia,,Shewa,Nazareth,,"On a rock from Methahara, on road to Nazareth, In full sun ca 1 km s.w.","On a rock from Methahara, on road to Nazareth, in full sun approximately 1 kilometer southwest","Erecht herb, about 90 cm high and 30 cm wide; Stem pale brown, near the top brownish-green; Leaves medium green, lower part quite warm midrib",rock,ca: 925m,,,"8°56'N, 39°55'E",,,,2806,,,,Typed,no type status,,,,,,,
0226_V0570543F.jpg,,Schimper,N/A,,,,,,,N/A,,,,,N/A,N/A,,Abyssinia,,N/A,N/A,,N/A,N/A,N/A,N/A,N/A,,,N/A,,,,N/A,,,,Handwritten,no type status,,,,,,,
0227_V0597275F.jpg,,P.c.m. jansen,N/A,,,,,,,C.C.H. Jongkind,,,,,N/A,N/A,,ETHIOPIA,,HARRIERG,N/A,,"around Damota Village, near Alema'na. Between chat and sorghum fields.","around Damota Village, near Alema'na, Between chat and sorghum fields",Ground roots are drunk against gonorrhoea,soil,"2,940 m - 1,420 m",,,N/A,,,,5996,,,,Typed,no type status,,,,,,,
0228_V0604673F.jpg,,William burger,N/A,,,,,,,L. B. Krukoff,,,,,N/A,27 May 1962,,Ethiopia,,Harar Prov,N/A,,"Near Gara Ades, 11 KM. E. of Harar, along new hard-top road to Djibouti","Near Gara Ades, 11 kilometers east of Harar, along new hard-top road to Djibouti",Steep slopes with remnant Cedar-Juiperus forest,N/A,1820 meters,,,N/A,,,,726,,,,Handwritten,no type status,,,,,,,
0229_V0607392F.jpg,,William Burger,N/A,,,,,,,W. D.,,,,,N/A,14 Feb. 1962,,Ethiopia,,Harar Prov.,N/A,,N.W. face Gara Mullata Mtn. ca. 50 km. due W of Harar.,"Northwestern face of Gara Mullata Mountain, approximately 50 kilometers due west of Harar",Slopes with mixed forest,N/A,alt 2850 - 3200m,,,N/A,,,,1853,,,,Typed,no type status,,,,,,,
0230_V0574490F.jpg,,Gordon Mcpherson,N/A,,,,,,,Wilks & McPherson,,,,,N/A,20 Mars 1989,,Gabon,,Ogooué-Ivindo,N/A,,Reserve de la Lope; au sud d'Ayem; 0°25'S 11°30'E,Reserve de la Lope; south of Ayem,N/A,N/A,c. 200 m,,,0°25'S 11°30'E,,,,13781,,,,Typed,no type status,,,,,,,
0231_V0577013F.jpg,,J.m. de la mensbruge,N/A,,,,,,,Olga Kosevosky,,,,,N/A,d.d. 3-2-56,,Gabon,,N/A,N/A,,"Primary rain forest, ca. 6 km NW of Oveng, chantier Rougier Océan.","Primary rain forest, approximately 6 kilometers northwest of Oveng, chantier Rougier Ocean",Primary rain forest,tree,N/A,,,04 1N x 11 07 E,,,,20125,,,,Typed,no type status,,,,,,,
0232_V0573054F.jpg,,N/A,N/A,,,,,,,N/A,,,,,N/A,fini d'aout 1929,,N/A,,N/A,N/A,,N/A,N/A,N/A,N/A,N/A,,,N/A,,,,83100,,,,Typed,no type status,,,,,,,
0233_V0567164F.jpg,,A. Akinku,N/A,,,,,,,A. Akinku,,,,,N/A,22 11 79,,Ghana,,N/A,N/A,,Awu - Winneba Road.,Awu - Winneba Road,A climber among grasses,N/A,Altitude:,,,N/A,,,,398,,,,Typed,no type status,,,,,,,
0234_V0565977F.jpg,,C. Vigne,N/A,,,,,,,N/A,,,,,N/A,N/A,,N/A,,N/A,N/A,,N/A,N/A,N/A,N/A,N/A,,,N/A,,,,N/A,,,,Typed,no type status,,,,,,,
0235_V0590787F.jpg,,D.d. Soejarto,N/A,,,,,,,N/A,,,,,Thespesia populnea and Sophora accidentalists,"April 1, 1978",,Ghana,,Greater Accra Province,N/A,,"just behind beach, on sandy soil, 20 km west of Accra, Seacoast","just behind beach, on sandy soil, 20 kilometers west of Accra, Seacoast",sandy soil,soil,N/A,,,N/A,,,,4793,,,,Typed,no type status,,,,,,,
0236_V0566108F.jpg,,Ennin Addo,N/A,,,,,,,N/A,,,,,N/A,Collected in 1999,,Ghana,,N/A,N/A,,N/A,N/A,N/A,N/A,N/A,,,N/A,,,,1026,,,,Typed,no type status,,,,,,,
0237_V0572217F.jpg,,J. Deaw,N/A,,,,,,,N/A,,,,,N/A,"4, 1, 79",,Ghana,,N/A,N/A,,Accra,Accra,N/A,N/A,N/A,,,N/A,,,,283,,,,Typewritten,no type status,,,,,,,
0238_V0602418F.jpg,,J. E. Amoah,N/A,,,,,,,N/A,,,,,N/A,March 1952,,Ghana,,Ashanti Region,Kumasi District,,Kumasi Township Forest Reserve,Kumasi Township Forest Reserve,N/A,N/A,N/A,,,N/A,,,,5632,,,,Typed,no type status,,,,,,,
0239_V0601010F.jpg,,James T. Allen,N/A,,,,,,,N/A,,,,,N/A,"September 23, 1996",,Ghana,,Volta Region,N/A,,Larteh; Center for Scientific Research into Plant Medicine (CSRPM) farm,Larteh; Center for Scientific Research into Plant Medicine farm,N/A,soil,N/A,,,N/A,,,,41,,,,Typed,no type status,,,,,,,
0240_V0570163F.jpg,,C.d. adams,N/A,,,,,,,N/A,,,,,N/A,1/10/57,,Ghana,,Volta Region,N/A,,"Ho, Volta Region",Ho,N/A,N/A,N/A,,,N/A,,,,N/A,,,,Typed,no type status,,,,,,,
0241_V0597626F.jpg,,Amanda Koch,Wilson Naisuda,,,,,,,Patrick Muthoka,,,,,N/A,"October 22, 2003",,Kenya,,Kajiado District,N/A,,Ololosibor,Ololosibor,Dry bushland,N/A,N/A,,,N/A,,,,AK61,,,,Typed,no type status,,,,,,,
0242_V0588237F.jpg,,"Tsavo,","Tsavo Andei,",,,,,,,"N/A,",,,,,"N/A,","25. 12. 1957, ",,"Kenya,",,"N/A,","N/A,",,"Tsavo – Tsavo Andei,","Tsavo - Tsavo Andei,","N/A,","soil,","N/A,",,,"N/A,",,,,"207,",,,,"Typed,",no type status,,,,,,,
0243_V0606921F.jpg,,A. Robertson,N/A,,,,,,,N/A,,,,,N/A,16/8-27/,,Kenya,,Kitui,N/A,,4 km n.e of Kangondi on road to Embu Mt. 4500 ft.,4 kilometers northeast of Kangondi on road to Embu,Bushland,N/A,4500 ft.,,,N/A,,,,4847,,,,Typed,no type status,,,,,,,
0244_V0570471F.jpg,,E.a. mearns,N/A,,,,,,,N/A,,,,,N/A,"September 6, 1909",,British East Africa,,N/A,N/A,,Vicinity of Thika,Vicinity of Thika,N/A,soil,about 1320 meters,,,N/A,,,,1114,,,,Typed,no type status,,,,,,,
0245_V0570108F.jpg,,G. J. maccoughlan,N/A,,,,,,,N/A,,,,,N/A,N/A,,Kenya,,N/A,N/A,,N/A,N/A,N/A,N/A,N/A,,,N/A,,,,580,,,,Typed,no type status,,,,,,,
0246_V0565514F.jpg,,J.d. Sauer,N/A,,,,,,,N/A,,,,,N/A,15 June 1963,,Kenya,,Coast Province,Kwale District,,"Bumburi Beach, N of Mombasa","Bumburi Beach, north of Mombasa","Beach ridge, shallow open coast",soil,N/A,,,N/A,,,,3914,,,,Typed,no type status,,,,,,,
0247_V0576279F.jpg,,R.a. maas geesteranus,N/A,,,,,,,N/A,,,,,"Dombeya mastersii, Olea hochstetteri",dd. 14-IV 1919,,Kenya,,Nyanza Province,Londiani Distr.,,"Nyanza Province, Londiani Distr., Tinderet Forest Reserve, Camp I","Londiani District, Tinderet Forest Reserve, Camp I","Glade surrounded by rather open, tall forest",Soil,2260 m s.m.,,,"lat. 0° 5' S., long. 35° 27' E.",,,,4924,,,,Typed,no type status,,,,,,,
0248_V0606178F.jpg,,R.b. Faden,A.j. Faden,,,,,,,confirmed J.O. Kokwaro,,,,,N/A,7 March 1977,,Kenya,,Kwale District,N/A,,"Chale Peninsula, ca. 4°25'S, 39°33'E",Chale Peninsula,"Coastal forest, dry forest with Combretum schumanii dominating",N/A,50 m.,,,"ca. 4°25'S, 39°33'E",,,,77/11,,,,Typed,no type status,,,,,,,
0249_V0578764F.jpg,,E. Phillips,T. P. L. Wharton,,,,,,,N/A,,,,,N/A,"June 3–6, 1934",,Kenya,,N/A,N/A,,"Mathiaga, near Nairobi Alt. 1,700 meters","Mathiaga, near Nairobi",N/A,N/A,"Alt. 1,700 meters",,,N/A,,,,2,,,,Typed,no type status,,,,,,,
0250_V0040586F.jpg,,Narciso reyna,N/A,,,,,,,D.R. Simpson,,,,,N/A,15 diciembre 1967,,Peru,,Loreto,Maynas,,"Santa María – Río Nanay, distr. Alto Nanay, dept. Loreto, prov. Maynas","Santa María – Río Nanay, district of Alto Nanay","""Carahuasca amarilla"" - árbol, bosque húmedo tropical",N/A,150 m,,,N/A,,,,40,,,,Typed,holotype,,,,,,,
0251_V0081497F.jpg,,M. O. Dillon,D. Dillon,,,,,,,M.O. Dillon & Quipuscoa,,,,,N/A,1 Nov 1983,,Peru,,Arequipa,Caraveli,,"Lomas of Atiquipa, ca. 105 km N of turn-off to Atiquipa, km 584 S of Lima","Lomas of Atiquipa, approximately 105 kilometers north of the turn-off to Atiquipa, kilometer 584 south of Lima",N/A,soil,ca. 150-200 m.,,,N/A,,,,3776,,,,Typed,Holotype,,,,,,,
0252_V0042484F.jpg,,N/A ,N/A ,,,,,,,F. Pax ,,,,,N/A ,N/A ,,N/A ,,N/A ,N/A ,,N/A ,N/A ,N/A ,N/A ,N/A ,,,N/A ,,,,N/A ,,,,Handwritten ,Isolectotype,,,,,,,
0253_V0092855F.jpg,,Jose Campos,O. Díaz,,,,,,,"W. R. Anderson (Novon 16: 179, 2006. (Holotype, MICH; Isotypes, K & MO(2))",,,,,N/A,9 Febrero 1996,,PERU,,Cajamarca,San Ignacio Province,,Distrito Chirinos: Entre La Catuaq y Tablón.,Entre La Catuaq y Tablón,Trepadora; flor amarilla,N/A,550 - 650,,,05°19'S; 078°47'W,,,,2490,,,,Typed,ISOTYPE,,,,,,,
0254_V0078059F.jpg,,Ruiz,Pavón,,,,,,,T. M. Mess,,,,,N/A,(1779-1788),,Peru,,N/A,N/A,,in vice-regno Peruivano et Chilensi lectae,in vice-regno Peruivano et Chilensi,N/A,N/A,N/A,,,N/A,,,,N/A,,,,Typed,Isolectotype,,,,,,,
0255_V0092864F.jpg,,Camilo Diaz,Antonio Peña,,,,,,,Ståhl (G.Bif.),,,,,N/A,4 Diciembre 1996,,Peru,,Amazonas,Luya Province,,"Camporredondo, Tullanya, Pascana ""Pajaro Tigre"".","Camporredondo, Tullanya, Pascana ""Pajaro Tigre""",N/A,N/A,2850-2360 m,,,N/A,,,,9048,,,,Mix of Handwritten and Typed,Isotype,,,,,,,
0256_V0092900F.jpg,,Ruiz,Pavón,,,,,,,Hofreiter,,,,,N/A,1777-1788,,Peru,,N/A,N/A,,in vice-regno Peruviano et Chilensi lectae,vice-regno Peruviano et Chilensi,N/A,N/A,N/A,,,N/A,,,,N/A,,,,Handwritten,isotype,,,,,,,
0257_V0092906F.jpg,,V. Quipuscoa,"A. Sagástegui, S. Leiva, M. Bejarano",,,,,,,Maximilian Weigend,,,,,N/A,20 agostos 1998,,Peru,,Amazonas,Prov. Chachapoyas,,"Carretera a Celendín, entre Ishpingo - Pomacocha","Carretera a Celendín, between Ishpingo and Pomacocha",Bosque montano fragmentado,N/A,2800-3000 m,,,N/A,,,,13778,,,,Mix of Handwritten and Typed,Isotype,,,,,,,
0258_V0092915F.jpg,,Llewelyn Williams,N/A,,,,,,,N/A,,,,,N/A,"Jan.-Feb., 1930",,Peru,,San Martin,N/A,,"forest Roque, San Martin",forest Roque,forest,N/A,1500-1800 m.,,,N/A,,,,6999,,,,Mix of Handwritten and Typed,no type status,,,,,,,
0259_V0092918F.jpg,,Ruiz,Pavón,,,,,,,G. Bedell,,,,,N/A,1778-1788,,N/A,,N/A,N/A,,N/A,N/A,N/A,N/A,N/A,,,N/A,,,,N/A,,,,Mix of Handwritten and Typed,ISOTYPE,,,,,,,
0260_V0092921F.jpg,,R.,P.,,,,,,,H. G. Bedell,,,,,N/A,(1775-1788),,N/A,,N/A,N/A,,vice-regno Peruviano et Chilensi lœtæ.,vice-regno Peruviano et Chilensi laetae,N/A,N/A,N/A,,,N/A,,,,N/A,,,,Mix of Handwritten and Typed,ISOTYPE,,,,,,,
0261_V0414961F.jpg,,Marcos Rios,"Tony Mori, Nigel Pitman, Luis Torres, Corine Vriesendorp",,,,,,,N/A,,,,,N/A,13 octubre 2014,,PERU,,LORETO,Prov. Requena,,"Quebrada Yanayacu-Rio Blanco, Campamento Wishwincho del inventario rapido #27, de la region Tipiacno-Blanco","Quebrada Yanayacu-Rio Blanco, Campamento Wishwincho del inventario rapido #27",Bosque de Planicie inundable aguas blancas,soil,A. W. 90.,,,"05°33'35""S; 73°35'53""W",,,,4399,,,,Typed,no type status,,,,,,,
0262_V0414962F.jpg,,Marcos Rios,N/A,,,,,,,N/A,,,,,N/A,13 octubre 2014,,Peru,,Loreto,Requena,,"Dto. de Soplin. Quebrada Yanayacu-Rio Blanco. Camino Wistincohui de intervención ribeña 27, de la region Tipisma/Bianco","Quebrada Yanayacu-Rio Blanco, Camino Wistincohui",Bosque de Palmae Inundable de aguas blancas,soil,Alt. 90,,,"05°43'35""S 73°13'58""W",,,,439,,,,Typed,no type status,,,,,,,
0263_V0462893F.jpg,,Ynes Mexia,N/A,,,,,,,N/A,,,,,N/A,"Oct. 9, 1936",,Peru,,Huanuco,N/A,,Near confluence Rio Chinchao with Huallaga; forested slope above road.,"Near confluence Rio Chinchao with Huallaga, forested slope above road",Forested slope above road,soil,805 m,,,N/A,,,,8265,,,,Typed,no type status,,,,,,,
0264_V0462893F.jpg,,Ynes Mexia,N/A,,,,,,,Trelease,,,,,N/A,"Oct. 9, 1936",,Peru,,N/A,N/A,,Near confluence Rio Cumbaza with Huallaga; forested slope above road.,"Near confluence of Rio Cumbaza with Huallaga, forested slope above road",Forested slope,N/A,805 m,,,N/A,,,,8265,,,,Typed,no type status,,,,,,,
0265_V0462895F.jpg,,Ynes Mexia,N/A,,,,,,,T.Release,,,,,N/A,"Nov. 24, 1931",,Peru,,Departamento de Loreto,N/A,,Above Pongo de Manseriche. Right bank of mouth of Rio Santiago; dense forest.,"Above Pongo de Manseriche, right bank of mouth of Rio Santiago, dense forest",Dense forest,N/A,Alt. 200 m.,,,N/A,,,,6127,,,,Typed,no type status,,,,,,,
0266_V0462895F.jpg,,Ynes Mexia,N/A,,,,,,,T. Release,,,,,N/A,"Nov. 24, 1931",,Peru,,Departamento de Loreto,N/A,,Above Pongo de Manseriche. Right bank of mouth of Río Santiago; dense forest.,"Above Pongo de Manseriche, right bank of mouth of Río Santiago",Dense forest,soil,Alt. 200 meters,,,N/A,,,,6127,,,,Typed,no type status,,,,,,,
0267_V0441679F.jpg,,D. R. Simpson,José Schunke V.,,,,,,,D. R. Simpson,,,,,N/A,"January 4, 1968",,Peru,,Depto. Tumbes: Prov. Tumbes,N/A,,"Common from the dry, deciduous forest zone, downward into the very dry thorn-scrub. Along the road about 10 km. northwest of El Caucho","Common from the dry, deciduous forest zone, downward into the very dry thorn-scrub. Along the road about ten kilometers northwest of El Caucho","Common from the dry, deciduous forest zone, downward into the very dry thorn-scrub",N/A,N/A,,,N/A,,,,565,,,,Typed,no type status,,,,,,,
0268_V0441679F.jpg,,D. r. simpson,José schunke v.,,,,,,,D. r. simpson,,,,,N/A,"January 7, 1968",,Peru,,Depto. Tumbes,Prov. Tumbes,,Prov. Tumbes de ti La Cruz a 10 Km. hacia S.E. of El Caucho y Pampas de Hospital,Prov. Tumbes de ti La Cruz 10 kilometers southeast of El Caucho y Pampas de Hospital,"Dry, deciduous forest zone, downslope into very dry thorn-scrub",N/A,N/A,,,N/A,,,,565,,,,Mix of Handwritten and Typed,no type status,,,,,,,
0269_V0441677F.jpg,,T. Plowman,P. M. Rury,,,,,,,A.E. McDonald,,,,,N/A,6 December 1981,,Peru,,Huánuco,N/A,,"Prov. Huánuco, 8 km. northeast of Huánuco on road to Tingo María",8 kilometers northeast of Huánuco on road to Tingo María,Scandent shrub on roadside near houses,N/A,alt. 1750 m,,,"Approx. 9°52'S., 76°11'W.",,,,11105,,,,Typed,no type status,,,,,,,
0270_V0441677F.jpg,,T. Plowman,P. M. Rury,,,,,,,A. McDonald,,,,,N/A,6 December 1981,,Peru,,Huánuco,N/A,,"Prov. Huánuco, 8 km. northeast of Huánuco on road to Tingo Maria","Prov. Huánuco, 8 kilometers northeast of Huánuco on road to Tingo Maria",Scandent shrub on roadside near houses,soil,alt. 1750 m.,,,"Approx. 9°52'S., 76°11'W.",,,,11105,,,,Typed,no type status,,,,,,,
0271_V0401892F.jpg,,Robin B. Foster,N/A,,,,,,,E.J. Gouda,,,,,N/A,"Aug. 19, 1978",,PERU,,LORETO,Maynas,,Casería Máhama 30KM SW of Iquitos,Casería Máhama 30 kilometers southwest of Iquitos,Forested hills on white or brown sand soils,soil,N/A,,,N/A,,,,4242,,,,Typed,no type status,,,,,,,
0272_V0460617F.jpg,,J. Farfán,"L. Valenzuela, I. Huamantupa, J. A. Carranza, L. Aragonaía",,,,,,,Thomas B. Croat,,,,,N/A,23 Octubre 2006,,Peru,,Cusco,La Convención,,"Dist. Vilcabamba, Chaunquiri camino a Ríoamba","Dist. Vilcabamba, Chaunquiri camino a Ríoamba","Bosque Secundario. Epífita, hasta 70 cm, espádice rojo, espata verde",N/A,1009 m,,,"12°47'15""S 073°10'10""W",,,,1262,,,,Typed,no type status,,,,,,,
0273_C0666207F.jpg,,E. p. killip,A. c. smith,,,,,,,Alan R. Smith,,,,,N/A,"September 20-30, 1929",,Peru,,Loreto,N/A,,"Dept. Loreto: Soledad, on Rio Itaya; about 110 kilometers during dense forest","Soledad, on Rio Itaya",dense forest,soil,N/A,,,N/A,,,,24774,,,,Typed,no type status,,,,,,,
0274_C0666207F.jpg,,E. P. Killip,A. C. Smith,,,,,,,A. R. Smith,,,,,N/A,"September 21-22, 1929",,Peru,,Loreto,N/A,,"Dept. Loreto: Soledad, on Rio Itaya; about 180 meters; dense forest","Soledad, on Rio Itaya",Dense forest,Soil,About 180 meters,,,N/A,,,,27474,,,,Typed,No type status,,,,,,,
0275_C0666206F.jpg,,H. E. Stork,N/A,,,,,,,Alan R. Smith,,,,,N/A,"July 21, 1929",,Peru,,Loreto,N/A,,"Dept. Loreto: San Antonio, on Rio Itaya; alt. about 120 meters; dense lowland forest",San Antonio on Rio Itaya,Dense lowland forest,N/A,alt. about 120 meters,,,N/A,,,,424497,,,,Typed,no type status,,,,,,,
0276_C0666206F.jpg,,H. N. Ridley,N/A,,,,,,,Det. Alan R. Smith,,,,,N/A,Not given,,Peru,,Loreto,San Antonio,,"Dept. Loreto San Antonio, on Rio Itaya","On Rio Itaya, about 100 meters, dense forest",Dense forest,N/A,About 100 meters,,,N/A,,,,42474,,,,Typed,No type status,,,,,,,
0277_C0666203F.jpg,,Macbride,Featherstone,,,,,,,Alan R. Smith,,,,,N/A,July 21-22 1922,,PERU,,N/A,N/A,,"Summit, on edge of the pass","Summit, on edge of the pass",Gravel formation,soil,about 9000 ft,,,N/A,,,,1620,,,,Typed,no type status,,,,,,,
0278_C0666203F.jpg,,Macbride,Featherstone,,,,,,,Alan R. Smith,,,,,N/A,"July 8-12, 1922",,Peru,,N/A,N/A,,Summit; Mts. e. of the pass.,"Summit, mountains east of the pass",Shrub formation,Soil,About 9000 ft.,,,N/A,,,,162,,,,Typed,no type status,,,,,,,
0279_C0666202F.jpg,,J. J. Wurdack,N/A,,,,,,,Alan R. Smith,,,,,N/A,June 1962,,Peru,,Amazonas,Provincia de Chachapoyas,,Upper slopes of Puma-urcu east-southeast of Chachapoyas,Upper slopes of Puma-urcu east-southeast of Chachapoyas,On banks,soil,2700-3000 m,,,N/A,,,,1705,,,,Typed,no type status,,,,,,,
0280_C0666202F.jpg,,J. J. Wurdack,N/A,,,,,,,Alan R. Smith,,,,,N/A,June 1962,,Peru,,Amazonas,Chachapoyas,,Upper slopes of Puma-urcu east-southeast of Chachapoyas,"Upper slopes of Puma-urcu, east-southeast of Chachapoyas",On banks,soil,2700-3000 m,,,N/A,,,,760,,,,Typed,no type status,,,,,,,
0281_C0666112F.jpg,,G. S. Sperling,T. R. Dudley,,,,,,,Alan R. Smith,,,,,N/A,"Aug. 13, 1956",,Peru,,Loreto,Maynas,,"Rio Itaya, 10 km. S. of Iquitos.","Rio Itaya, 10 kilometers south of Iquitos","In old banana planting. Fern: leaf, sterile pinnae, fertile pinnae.",soil,N/A,,,N/A,,,,5202,,,,Typed,no type status,,,,,,,
0282_V0277652F.jpg,,José Schunke Vigo,N/A,,,,,,,A. M. W. Mennega,,,,,N/A,27 May 1964,,Peru,,San Martín,Mariscal Cáceres,,"Quebrada Huicte ( Río Huallaga ), in tall forest",Quebrada Huicte,tall forest,soil,529 m.,,,N/A,,,,6505,,,,Typed,no type status,,,,,,,
0283_V0152152F.jpg,,Manuel Rimachi Y.,N/A,,,,,,,"A.C. Chautems (Triplaris), 2001",,,,,N/A,"February 8, 1979",,Peru,,Loreto,Requena,,"Rio Ucayali, Quebrada de Acuayacu, above Genaro Herrera, marginal forest, ""muema"", 8 m fr. green","Rio Ucayali, Quebrada de Acuayacu, above Genaro Herrera",marginal forest,bark,N/A,,,N/A,,,,4268,,,,Typed,no type status,,,,,,,
0284_V0277223F.jpg,,Salvador Flores,N/A,,,,,,,T. Plowman,,,,,N/A,Julio/82,,Peru,,Loreto,Maynas,,Ampiyacu-Peyán,Ampiyacu-Peyán,Bosque subandino 35 años,N/A,100 m.s.n.m.,,,N/A,,,,95 (P-2),,,,Typed,no type status,,,,,,,
0285_V0195906F.jpg,,Percy nuñez v.,S. walsh,,,,,,,M. J. Huft,,,,,N/A,29 October 1986,,Peru,,Cuzco,La Convencion,,"Quillabamba, Salsipampa","Quillabamba, Salsipampa",N/A,N/A,1110 m,,,N/A,,,,63530,,,,Typed,no type status,,,,,,,
0286_V0290180F.jpg,,Jose Schunke,N/A,,,,,,,J. Dyer,,,,,N/A,30 Mayo 1977,,Peru,,San Martín,Mariscal Caceres,,"San Juan de Pacai sapo, km. 72 carretera Tarapoto-Yoyobamba","San Juan de Pacai sapo, km 72 Tarapoto-Yurimaguas Road","En bosque secundario, con abundante luz solar",N/A,1000-1050,,,N/A,,,,9560,,,,Typed,no type status,,,,,,,
0287_V0201636F.jpg,,G. Coimbra,"L. Luna, J. Ruíz",,,,,,,William O. Burger,,,,,N/A,18–8–81,,Peru,,Department of Loreto,N/A,,"Quistococha, 14km north of Iquitos","Quistococha, 14 kilometers north of Iquitos",Important medicinal plant,bark,600m elev,,,N/A,,,,136,,,,Typed,no type status,,,,,,,
0288_V0251887F.jpg,,E.p. killip,A.c. smith,,,,,,,N/A,,,,,N/A,"July 23-24, 1929",,Peru,,Junin,N/A,,Pichis Trail,Pichis Trail,Dense forest,N/A,about 900 meters,,,N/A,,,,16721,,,,Typed,no type status,,,,,,,
0289_V0243915F.jpg,,M. O. Dillon,I. Sánchez V.,,,,,,,P. Fryxell,,,,,N/A,N/A,,Peru,,Piura,Huancabamba,,"Dept. Piura. Prov. Huancabamba, ca. 2 Km N of Canchaque. ",approximately 2 kilometers north of Canchaque,N/A,N/A,1450 m alt.,,,[5°24' S 79°36' W],,,,6310,,,,Typed,no type status,,,,,,,
0290_V0187051F.jpg,,J. francis Macbride,N/A,,,,,,,N/A,,,,,N/A,"June 22, 1923",,Peru,,N/A,N/A,,Cueva Grande; about 3300 feet,Cueva Grande,Unsure and check,Unsure and check,about 3300 feet,,,N/A,,,,4980,,,,Typed,no type status,,,,,,,
0291_V0258426F.jpg,,Augusto Weberbauer,N/A,,,,,,,B. Høiland-Nielsen,,,,,N/A,16-XII-1922,,Peru,,N/A,N/A,,Cajabamba,Cajabamba,Ladera arenosa con Cactaceas,soil,3400 m. s. m.,,,N/A,,,,2820,,,,Typed,no type status,,,,,,,
0292_V0193750F.jpg,,J. Mostacero L.,"S. Lwanga C., F. Mejia C., F. Pelaez, J. Guevara b.",,,,,,,M. J. Huft,,,,,N/A,14-III-1986,,Peru,,Cajamarca,Cutervo,,La Muralla (Cotoras-San Andrés),La Muralla,Ladera al borde de carretera,N/A,2450 msnm,,,N/A,,,,1040,,,,Typed,no type status,,,,,,,
0293_V0228073F.jpg,,Spichiger,R. & P.-A. Loizeau,,,,,,,N/A,,,,,N/A,10-4-86,,Pérou,,Loreto,Jenaro Herrera,,"Jenaro Herrera, Loreto, Pérou (73° 45'W-4° 55'S).",Jenaro Herrera,"Bosque de terraza alta, suelo arenoso",soil,Alt. 125 m.,,,73° 45'W-4° 55'S,,,,3012,,,,Typed,no type status,,,,,,,
0294_V0100062F.jpg,,G. Klug,N/A,,,,,,,N/A,,,,,N/A,"December, 1929",,Peru,,Loreto,N/A,,"Mishuyacu, near Iquitos","Mishuyacu, near Iquitos",Montane forest,soil,100 m.,,,N/A,,,,660,,,,Typed,no type status,,,,,,,
0295_V0198402F.jpg,,T. R. Dudley,N/A,,,,,,,Job Kuijt,,,,,N/A,24 Aug. 1968,,Peru,,Dept. Ayacucho,N/A,,"Prov. La Mar, eastern Massif of the Cordillera Central, 45 km. walking distance SW Rio Apurimac, 30 km. from Hacienda Santa Rosa, c. 10 km. from Tambo.","Prov. La Mar, eastern Massif of the Cordillera Central, 45 kilometers walking distance southwest Rio Apurimac, 30 kilometers from Hacienda Santa Rosa, circa 10 kilometers from Tambo","In dense forest, 480-500 ft. high cliff in bright orange ait timberline; puna",N/A,3220 meters,,,12°45'S; 73°35'W,,,,12063,,,,Typed,no type status,,,,,,,
0296_V0225274F.jpg,,Klug,N/A,,,,,,,M. Vásquez Avila,,,,,N/A,April 19 1929,,Peru,,Loreto,Maynas,,Dept. Loreto: Maynas; near Iquitos,near Iquitos,100 meters; forest,N/A,100 meters,,,N/A,,,,1595,,,,Typed,no type status,,,,,,,
0297_V0224820F.jpg,,Mildred e. mathias,Dermot taylor,,,,,,,William R. Anderson,,,,,N/A,18 July to 19 61,,Peru,,Loreto,N/A,,vicinity of Requena,vicinity of Requena,N/A,N/A,"""Barbasco silvestre""",,,N/A,,,,5576,,,,Typed,no type status,,,,,,,
0298_V0304780F.jpg,,José Schunke Vigo,N/A,,,,,,,Donald R. Simpson,,,,,N/A,17 Dec 1964,,Peru,,Loreto,N/A,,"Quebrada de Iquique, (Contamana) in tall forest, 220 m","Quebrada de Iquique, Contamana",tall forest,soil,220 m,,,N/A,,,,6677,,,,Mix of Handwritten and Typed,no type status,,,,,,,
0299_V0238260F.jpg,,,,,,,,,,,,,,,,,,,,,,,,,,,,,,,,,,,,,,,,,,,,,,
