Image Name,verbatimCollectors,collectedBy,secondaryCollectors,recordNumber,verbatimEventDate,minimumEventDate,maximumEventDate,verbatimIdentification,latestScientificName,identifiedBy,verbatimDateIdentified,associatedTaxa,country,firstPoliticalUnit,secondPoliticalUnit,municipality,verbatimLocality,locality,habitat,substrate,verbatimElevation,verbatimCoordinates,otherCatalogNumbers,originalMethod,typeStatus,URL
0000_C0268502F_p.jpg,leg H Fleischer nr B 2734,H. Fleischer,N/A,B 2734,25 4 1903,1903-04-25,N/A,Macromitrium,Macromitrium, N/A,N/A,N/A,Australia,Queensland,N/A,N/A,Eumundi (ca 100 km nordlich Brisbane) Urwald,Eumundi (approximately 100 kilometers north of Brisbane) [precise locality unknown],Urwald (primeval forest),,N/A,N/A,1076713 1044984,Mix of Handwritten and Typed,no type status,https://fm-digital-assets.fieldmuseum.org/2491/485/C0268502F_p.jpg
0001_C0268508F_p.jpg,leg W Fleischer nr B 2692,W. Fleischer,N/A,B 2692,29 3 1903,1903-03-29,N/A,Macromitrium,Macromitrium, N/A,N/A,N/A,Australia,Queensland,N/A,N/A,Eumundi (ca 100 km nordlich Brisbane) Urwald,Eumundi (about 100 kilometers north of Brisbane) [precise locality unknown],Urwald (primeval forest),,N/A,N/A,1076659 | 1041125,Typed,no type status,https://fm-digital-assets.fieldmuseum.org/2491/486/C0268508F_p.jpg
0002_C0268514F_p.jpg,leg M Fleischer nr B 2952,M. Fleischer,N/A,B 2952,6.4.1903,1903-04-06,N/A,Macromitrium,Macromitrium, N/A,N/A,N/A,Australia,New South Wales,N/A,N/A,"Blue Mountains bei Sydney, Wentworth Falls","Blue Mountains near Sydney, Wentworth Falls [precise locality unknown]",N/A,,N/A,N/A,1076821,Typed,no type status,https://fm-digital-assets.fieldmuseum.org/2491/488/C0268514F_p.jpg
0003_C0268520F_p.jpg,leg M Fleischer nr B 2697,M. Fleischer,N/A,B 2697,20 3 1903,1903-03-20,N/A,Macromitrium,Macromitrium, N/A,N/A,N/A,Australia,Queensland,N/A,Brisbane,bei Brisbane,near Brisbane,N/A,,N/A,N/A,1076705 | 1044145,Mix of Handwritten and Typed,no type status,https://fm-digital-assets.fieldmuseum.org/2491/491/C0268520F_p.jpg
0004_C0268544F.jpg,T Nakajima,T. Nakajima,N/A,s.n.,"Mar. 27, 1971",1971-03-27,N/A,Macromitrium gymnostomum Sull. et Lesq. c. fr.,Macromitrium gymnostomum,A. N. |. Z. Iwatsuki,N/A,N/A,Japan,Wakayama,N/A,Ohara,"On vertical face of rock, 330 m alt., Ohara, Yata, Nishimuro-gun, Wakayama Prefecture","On vertical face of rock, Ohara, Yata [precise locality unknown]",On vertical face of rock,,330 m alt.,N/A,1043494,Typed,no type status,https://fm-digital-assets.fieldmuseum.org/2303/612/C0268544F.jpg
0005_C0268545F.jpg,N/A,T. Nakajima,N/A,s.n.,"May 4, 1958",1958-05-04,N/A,Macromitrium gymnostomum Sull. et Lesq.,Macromitrium gymnostomum,A. Noguchi,N/A,Fagus crenata,Japan,Nara Prefecture,N/A,N/A,"On trunks of Fagus crenata, ca. 1200 m. alt., Mt. Ohako; Nara Prefecture","On trunks of Fagus crenata, Mount Ohako [precise locality unknown]",On trunks of Fagus crenata,,ca. 1200 m. alt.,N/A,1043492,Typed,no type status,https://fm-digital-assets.fieldmuseum.org/2303/613/C0268545F.jpg
0006_C0268546F.jpg,T Nakajima,T. Nakajima,N/A,s.n.,"March 28, 1967",1967-03-28,N/A,Macromitrium gymnostomum Sull. & Lesq.,Macromitrium gymnostomum,A. N.,N/A,N/A,Japan,Wakayama,N/A,N/A,"On rocks, ca. 100 m alt., Sōryama-chō, Nishimuro-gun, Wakayama Prefecture","On rocks, approximately 100 meters altitude, Sōryama-chō",On rocks,,ca. 100 m alt.,N/A,1043491,Typed,no type status,https://fm-digital-assets.fieldmuseum.org/2303/614/C0268546F.jpg
0007_C0268548F.jpg,leg S Hattori,S. Hattori,N/A,s.n.,1 X 1946,1946-10-01,N/A,Macromitrium gymnostomum Sull et Lesq,Macromitrium gymnostomum,A. Noguchi,N/A,N/A,Japan,Miyazaki,N/A,N/A,KIUSHIU Miyazaki Minamimata Sakatani,Minamimata Sakatani [precise locality unknown],ad arborum truncos,,ca 500 m,N/A,1235073,Mix of Handwritten and Typed,no type status,https://fm-digital-assets.fieldmuseum.org/2303/617/C0268548F.jpg
0008_C0268549F.jpg,R.P.J.B. Faurie,R. P. J. B. Faurie,N/A,s.n.,20.4.1898,1898-04-20,N/A,Macromitrium gymnostomum S. L.,Macromitrium gymnostomum, Thériot,N/A,N/A,Japan,N/A,N/A,N/A,Iles Liou-Kiou - Centre de l'ile,[precise locality unknown],N/A,,N/A,N/A,1000415,Typed,no type status,https://fm-digital-assets.fieldmuseum.org/2303/619/C0268549F.jpg
0009_C0268550F.jpg,R.P. J.B. Ferrié,R. P. J. B. Ferrié,N/A,s.n.,oct.nov.1898,1898-10-00,1898-11-00,Macromitrium gymnostomum S. L. = m. rupestre Mitt. Bull. Card.,Macromitrium gymnostomum, Thériot,N/A,N/A,Japan,N/A,N/A,N/A,Yaku-Sima,Yaku-Sima,N/A,,N/A,N/A,1000416,Typed,no type status,https://fm-digital-assets.fieldmuseum.org/2303/621/C0268550F.jpg
0010_C0268554F.jpg,N/A, N/A,N/A,14660,9-3- 1975,1975-03-09,N/A,Macromitrium incurvifolium (Hook. & Grev.) Schwaegr,Macromitrium incurvifolium,D. H. Vitt,N/A,N/A,Papua New Guinea,Morobe,Lae,N/A,In fork of Plumeria tree in garden,In fork of Plumeria tree in garden,N/A,,Alt. c 20 m,N/A,1142151,Typed,no type status,https://fm-digital-assets.fieldmuseum.org/2303/629/C0268554F.jpg
0011_C0268557F.jpg,A Touw No 18543,A. Touw,N/A,18543,20 5 1975,1975-05-20,N/A,Macromitrium longicaule C Müll,Macromitrium longicaule,D. H. Vitt,N/A,N/A,Papua New Guinea,West Sepik,Star Mountains,N/A,Busilmin West forest on slope above Ok Din river W of Busilmin on trees along Ok Din River,Forest on slope above Ok Din river west of Busilmin on trees along Ok Din River [precise locality unknown],Wet forest on slope above river on trees along river,,Alt c 1500 - 1550 m,5°S141°05'E,1141855,Typed,no type status,https://fm-digital-assets.fieldmuseum.org/2303/633/C0268557F.jpg
0012_C0268558F.jpg,N/A, N/A,N/A,s.n.,8.5. 1975,1975-05-08,N/A,Macromitrium macrosporum Broth.,Macromitrium macrosporum,D. Vitt,N/A,N/A,Papua New Guinea,West Sepik,Star Mts.,N/A,c 5°S141°05E NE summit of Mt. Capella; on stems and branches of trees and shrubs in summit scrub,NE summit of Mt Capella [precise locality unknown],on stems and branches of trees and shrubs in summit scrub,,Alt. c. 3900 m.,c5°S141°05E,1142194,Typed,no type status,https://fm-digital-assets.fieldmuseum.org/2303/635/C0268558F.jpg
0013_C0268559F.jpg,A Touw No 16376,A. Touw,N/A,16376,17.4.1975,1975-04-17,N/A,Macromitrium macrosporum Broth,Macromitrium macrosporum,D. H. Vitt,N/A,N/A,Papua New Guinea,West Sepik,N/A,N/A,West Sepik Distr Star Mts c 5°S141°05E Mt Capella Base Camp Limestone ridge near camp c 4 -5 m high stunted forest on ridge,Mt Capella Base Camp Limestone ridge near camp about 4-5 meters high stunted forest on ridge,Limestone ridge near camp about 4-5 meters high stunted forest on ridge,,Alt c 3600 m,c5°S141°05E,1142178,Typed,no type status,https://fm-digital-assets.fieldmuseum.org/2303/637/C0268559F.jpg
0014_C0268560F.jpg,N/A,A. Touw,N/A,17312,Dat. 8.5. 1975,1975-05-08,N/A,Macromitrium macrosporum Broth.,Macromitrium macrosporum,D. H. Vitt,N/A,N/A,Papua New Guinea,West Sepik,Star Mountains,N/A,c. 5°S 141°05'E NE Summit of Mt. Capella. Summit of ridge between Mt. Capella Base Camp and Mt. Capella ridge; on isolated tree,NE Summit of Mt Capella Summit of ridge between Mt Capella Base Camp and Mt Capella ridge on isolated tree [precise locality unknown],N/A,,Alt. c. 3650 m,c5°S141°05'E,1142156,Typed,no type status,https://fm-digital-assets.fieldmuseum.org/2303/639/C0268560F.jpg
0015_C0268561F.jpg,A Touw No 16420,A. Touw,N/A,16420,19.4.1975,1975-04-19,N/A,Macromitrium macrosporum Broth,Macromitrium macrosporum,D. H. Vitt,N/A,N/A,Papua New Guinea,West Sepik,Star Mountains,N/A,Mt Capella NE summit; forest remnant in deep chasm near the summit on soaking wet bark of trees,Mount Capella northeast summit [precise locality unknown],Forest remnant in deep chasm near the summit on soaking wet bark of trees,,Alt c 3300 m,c5°S141°05'E,1142175,Typed,no type status,https://fm-digital-assets.fieldmuseum.org/2303/641/C0268561F.jpg
0016_C0268562F.jpg,A. Touw No. 17205,A. Touw,N/A,17205,5.5. 1975,1975-05-05,N/A,Macromitrium macrosporum Broth.,Macromitrium macrosporum,D. Vitt,N/A,N/A,Papua New Guinea,West Sepik,Star Mts.,N/A,"Near Mt. Capella Base Camp, along trail to Tamanagabip; open sub-alpine scrub. At base of limestone rock faces.","Near Mt. Capella Base Camp, along trail to Tamanagabip [precise locality unknown]",Open sub-alpine scrub. At base of limestone rock faces.,,Alt. c. 3450 m.,c5°S141°05'E,1141880,Typed,no type status,https://fm-digital-assets.fieldmuseum.org/2303/643/C0268562F.jpg
0017_C0268563F.jpg,A Touw No 18046,A. Touw,N/A,18046,14.5.1975,1975-05-14,N/A,Macromitrium megalocladon Fleisch,Macromitrium megalocladon,D. H. Vitt,N/A,N/A,Papua New Guinea,West Sepik District,Star Mts,N/A,c 5°14'05E Upper montane forest between Folongonom and Artis' Camp,Upper montane forest between Folongonom and Artis' Camp,Pendulous from heavy tree branches and slanting trunks,,Alt c 2500 - 2600 m,c5°14'05E,1142187,Typed,no type status,https://fm-digital-assets.fieldmuseum.org/2303/645/C0268563F.jpg
0018_C0268564F.jpg,A. Touw No. 16555,A. Touw,N/A,16555,21.4.1975,1975-04-21,N/A,Macromitrium megalocladon Fleisch.,Macromitrium megalocladon,D. H. Vitt,N/A,N/A,Papua New Guinea,West Sepik,Star Mountains,N/A,c. 5°(40'SE) Small Kuki (grassfield) SW of Mt. Capella Base Camp; on vertical face of moss covered limestone boulder at edge of kuni,Small Kuki (grassfield) southwest of Mount Capella Base Camp; on vertical face of moss covered limestone boulder at edge of kuni,On vertical face of moss covered limestone boulder at edge of kuni,,Alt. c. 3400 m,c5°(40'SE),1142432,Mix of Handwritten and Typed,no type status,https://fm-digital-assets.fieldmuseum.org/2303/647/C0268564F.jpg
0019_C0268565F.jpg,A Touw No 15768,A. Touw,N/A,15768,7.4. 1975,1975-04-07,N/A,Macromitrium megalocladon Fleisch,Macromitrium megalocladon,D. H. Vitt,N/A,N/A,Papua New Guinea,West Sepik,Star Mts,N/A,Tel Basin; Ridge above Camp 2,Ridge above Camp 2 Tel Basin [precise locality unknown],Terrestrial in open shrubbery on ridge Dense moss vegetation covering soil rocks and the lower portion of shrubs Dominant,,Alt c 3350 m,c5°S141°05'E,1142300,Typed,no type status,https://fm-digital-assets.fieldmuseum.org/2303/649/C0268565F.jpg
0020_C0268566F.jpg,leg S Hattori,S. Hattori,N/A,s.n.,VIII 1946,1946-08-00,N/A,Macromitrium incurvum (Lindb.) Par.,Macromitrium incurvum,A. Noguchi,unsure and check,N/A,Japan,Kyushu,Miyazaki,N/A,"KIUSHIU: Miyazaki, Minaminiaka, Obi, rupicola, photophila, ca 50 m","Minaminiaka, Obi, on rocks, light-loving, about 50 meters","rupicola, photophila, ca 50 m",,ca 50 m,N/A,1235066,Typed,no type status,https://fm-digital-assets.fieldmuseum.org/2303/651/C0268566F.jpg
0021_C0268569F.jpg,Coll K Mayebara,K. Mayebara,N/A,s.n.,"December 25, 1951",1951-12-25,N/A,Macromitrium incurvum (Lindb.) Par.,Macromitrium incurvum,A. Noguchi,N/A,N/A,Japan,Kumamoto,N/A,N/A,"On exposed rocks, 60 m. above sea, Yosiho, Kumamoto Prefecture","On exposed rocks, 60 meters above sea, Yosiho [precise locality unknown]",On exposed rocks,,60 m. above sea,N/A,1043529,Typed,no type status,https://fm-digital-assets.fieldmuseum.org/2303/658/C0268569F.jpg
0022_C0268571F.jpg,Coll K Mayebara,K. Mayebara,N/A,s.n.,"February 11, 1952",1952-02-11,N/A,Macromitrium gymnostomum Sull. et Lesq.,Macromitrium gymnostomum,A. Noguchi,N/A,N/A,Japan,Kumamoto,N/A,N/A,"On rocks, ca. 100m. above sea, Koonose, Kumamoto Prefecture","On rocks, approximately 100 meters above sea, Koonose [precise locality unknown]",On rocks,,ca. 100m. above sea,N/A,1043490,Typed,no type status,https://fm-digital-assets.fieldmuseum.org/2303/661/C0268571F.jpg
0023_C0268572F.jpg,Det A Noguchi,K. Mayebara,N/A,s.n.,March 1952,1952-03-00,N/A,Macromitrium gymnostomum Sull. et Lesq.,Macromitrium gymnostomum,A. Noguchi,N/A,N/A,Japan,Kumamoto,N/A,N/A,"On rocks, ca. 1000m alt., Hitoyoshi, Kumamoto County","On rocks, approximately 1000 meters altitude, Hitoyoshi [precise locality unknown]",On rocks,,ca. 1000m alt.,N/A,4043493,Typed,no type status,https://fm-digital-assets.fieldmuseum.org/2303/663/C0268572F.jpg
0024_C0268574F.jpg,N/A,H. H. Chung,N/A,B.206,s.d.,unsure and check,N/A,Macromitrium gymnostomum S. & L.,Macromitrium gymnostomum, Theriot,N/A,N/A,China,Fukien,N/A,N/A,Kushan near Foochow,Kushan near Foochow [precise locality unknown],On rock,,altitude 500 m.,N/A,1122334,Mix of Handwritten and Typed,no type status,https://fm-digital-assets.fieldmuseum.org/2303/668/C0268574F.jpg
0025_C0268575F.jpg,N/A,H. H. Chung,N/A,2.20,s.d.,unsure and check,N/A,Macromitrium gymnostomum Sull.,Macromitrium gymnostomum, Theriot,N/A,N/A,China,Fukien,N/A,N/A,On rock in bamboo forest,[precise locality unknown],On rock in bamboo forest,,N/A,N/A,1122721,Mix of Handwritten and Typed,no type status,https://fm-digital-assets.fieldmuseum.org/2303/669/C0268575F.jpg
0026_C0268579F.jpg,Timo Koponen,T. Koponen,N/A,35590,23 July 1981,1981-07-23,N/A,Macromitrium longicaule C. Müll.,Macromitrium longicaule,D. H. Vitt,1989,N/A,Papua New Guinea,Morobe,N/A,N/A,"Lake Wamba 5 km S of Teptep airstrip, Rather open montane forest with dominating Pandanus trees 1 km S of lake, alt. 2400 m, 6°31'S, 146°33'E, on stump","Lake Wamba 5 kilometers South of Teptep airstrip, 1 kilometer South of lake",Rather open montane forest with dominating Pandanus trees,,alt. 2400 m,6°31'S146°33'E,1142665,Typed,no type status,https://fm-digital-assets.fieldmuseum.org/2303/676/C0268579F.jpg
0027_C0268581F.jpg,N/A, N/A,N/A,B4,s.d.,N/A,N/A,Macromitrium japonicum (Dz & Mk) C M Syn,Macromitrium japonicum, N/A,N/A,N/A,China,Fukien,N/A,N/A,On shady rocks or bark,[precise locality unknown],On shady rocks or bark,,N/A,N/A,1172825,Typed,no type status,https://fm-digital-assets.fieldmuseum.org/2303/680/C0268581F.jpg
0028_C0268585F.jpg,Timo Koponen,T. Koponen,N/A,33571,9 July 1981,1981-07-09,N/A,Macromitrium microstomum Broth,Macromitrium microstomum,D. H. Vitt,Det: Dale H Vitt 1989,N/A,Papua New Guinea,Morobe,N/A,N/A,"Mt Sarawaket Southern Range 2,5 km S of L Gwam Open alpine grassland and ""subalpine"" forest at L Kenzoroh E of Mt Enggom alt 3550 m 6°21'S 147°07'E",Mount Sarawaket Southern Range 25 kilometers south of Lake Gwam at Lake Kenzoroh east of Mount Enggom [precise locality unknown],"Open alpine grassland and ""subalpine"" forest",,alt 3550 m,6°21'S147°07'E,1142666,Typed,no type status,https://fm-digital-assets.fieldmuseum.org/2303/687/C0268585F.jpg
0029_C0268587F.jpg,N/A,N. Kitagawa,T. Yoshimura,s.n.,"Oct. 21,1973",1973-10-21,N/A,Macromitrium gymnostomum Sull. et Lesq.,Macromitrium gymnostomum,A. N. |. T. Iwatsuki,N/A,N/A,Japan,Ibaraki,N/A,N/A,"Ibaraki, Sosei, 1-10 m alt., on tree trunk",[precise locality unknown],on tree trunk,,1-10 m alt.,N/A,1049048,Typed,no type status,https://fm-digital-assets.fieldmuseum.org/2303/691/C0268587F.jpg
0030_C0268588F.jpg,N/A, N/A,N/A,s.n.,s.d.,N/A,N/A,Macromitrium incurvum (Lindb.) Paris,Macromitrium incurvum, N/A,N/A,N/A,Japan,Honshu,N/A,N/A,"Honshu, Musashi, prope Tama-ri Kobotoké, pleiophylla",[precise locality unknown],N/A,,N/A,N/A,1356480,Typed,no type status,https://fm-digital-assets.fieldmuseum.org/2303/693/C0268588F.jpg
0031_C0268589F.jpg,Coll R SAITO,R. Saito,N/A,s.n.,"April 3, 1970",1970-04-03,N/A,Macromitrium gymnostomum SULL. & LESQ.,Macromitrium gymnostomum,A. Noguchi,N/A,N/A,Japan,Kagoshima,N/A,N/A,"Sumiyo-mura, Isl. Amami-ohshima, Kagoshima Pref.","Sumiyo-mura, Amami-ohshima Island [precise locality unknown]",On rock,,elevation about 120 m,N/A,1051109,Typed,no type status,https://fm-digital-assets.fieldmuseum.org/2303/695/C0268589F.jpg
0032_C0268725F.jpg,V et P Allorge,V. Allorge,P. Allorge,s.n.,14.VI.1937,1937-06-14,N/A,Pogonatum urnigerum (Hedw.) P.B.,Pogonatum urnigerum, N/A,N/A,N/A,Portugal,Azores,N/A,N/A,Iles Açores,[precise locality unknown],N/A,,vers 700 m,N/A,1181624,Typed,no type status,https://fm-digital-assets.fieldmuseum.org/2302/601/C0268725F.jpg
0033_C0341037F.jpg,Marko Lewis 83-224,M. Lewis,N/A,83-224,20 Jan 1983,1983-01-20,N/A,Philonotis,Philonotis, N/A,N/A,N/A,Bolivia,La Paz,Larecaja,N/A,"DEPTO LA PAZ PROV LARECAJA: Utacoma 21 Between 5-6 km S of Tacacoma along road to Quiabaya, 16-17 km N of Sorata 15°36'S, 68°39'W ca 3550 m","Between 5-6 kilometers south of Tacacoma along road to Quiabaya, 16-17 kilometers north of Sorata [precise locality unknown]",Supra humid Ceja de Montaña forests following ravines In small rill in dripping area of small waterfall,,ca 3550 m,15°36'S68°39'W,1100485,Typed,no type status,https://fm-digital-assets.fieldmuseum.org/2307/796/C0341037F.jpg
0034_C0341038F.jpg,Marko Lewis,M. Lewis,N/A,79-1314,29 March 1979,1979-03-29,N/A,Philonotis fide Crum,Philonotis, Crum,N/A,N/A,Bolivia,La Paz,Larecaja,N/A,"Along road 1 mi from Sorata towards Achacachi, 15° 45' S, 68° 42' W",Along road 1 mile from Sorata towards Achacachi [precise locality unknown],Eroding bank,,2740 m,15°45'S68°42'W,1078755,Typed,no type status,https://fm-digital-assets.fieldmuseum.org/2307/797/C0341038F.jpg
0035_C0341040F.jpg,"Marko Lewis, no. 79-2315",M. Lewis,N/A,79-2315,1 June 1979,1979-06-01,N/A,Philonotis,Philonotis, N/A,N/A,N/A,Bolivia,Cochabamba,Chapare,N/A,"DEPTO. COCHABAMBA. PROV. CHAPARE: Slope of Cerro Khachi, N. of Corani, 3030 m., 17° 11' S., 65° 54' W. On stones and banks of steep creek in cloud forest ravine, with tree ferns","Slope of Cerro Khachi, north of Corani, on stones and banks of steep creek in cloud forest ravine [precise locality unknown]",Cloud forest ravine with tree ferns,,3030 m,17°11'S65°54'W,1078769,Typed,no type status,https://fm-digital-assets.fieldmuseum.org/2307/798/C0341040F.jpg
0036_C0341047F.jpg,Mrs E W D Holway,E. W. D. Holway,N/A,6867,13 Oct 1950,1950-10-13,N/A,N/A,unsure and check, N/A,N/A,N/A,Bolivia,N/A,N/A,N/A,UNDUAVI 10000 ft,Unduavi [precise locality unknown],N/A,,10000 ft,N/A,2013011,Typed,no type status,https://fm-digital-assets.fieldmuseum.org/2307/803/C0341047F.jpg
0037_C0341048F.jpg,Mrs W M A Brooke,W. M. A. Brooke,N/A,6865,13 Oct 1950,1950-10-13,N/A,N/A,unsure and check, N/A,N/A,N/A,Bolivia,N/A,N/A,N/A,UNDUAVI 10000 ft,Unduavi [precise locality unknown],N/A,,10000 ft,N/A,5989,Typed,no type status,https://fm-digital-assets.fieldmuseum.org/2307/804/C0341048F.jpg
0038_C0341051F.jpg,"Marko Lewis, no. 79-2315",M. Lewis,N/A,79-2315,1 June 1979,1979-06-01,N/A,PHILONOTIS,Philonotis, N/A,N/A,N/A,Bolivia,Cochabamba,Chapare,N/A,"Slope of Cerro Khachi, N. of Corani, 3030 m., 17° 11' S., 65° 54' W.","Slope of Cerro Khachi, north of Corani [precise locality unknown]","On stones and banks of seepy creek in cloud forest ravine, with tree ferns",,3030 m.,17°11'S65°54'W,1050327,Typed,no type status,https://fm-digital-assets.fieldmuseum.org/2307/806/C0341051F.jpg
0039_C0341117F.jpg,R Rewald,R. Rewald,N/A,s.n,31.8.1971,1971-08-31,N/A,Psilonatis ephemerascens (Besch.),Psilonatis ephemerascens,D. S. G. III,N/A,N/A,Peru,Amazonas,N/A,N/A,Las Palmas zw. Balsas u. Leimebamba,Las Palmas between Balsas and Leimebamba [precise locality unknown],"Fels, Erde, Mauer, Baum, Strauch, Holz, See, Bach",,3000 m,N/A,1061647,Mix of Handwritten and Typed,no type status,https://fm-digital-assets.fieldmuseum.org/2307/879/C0341117F.jpg
0040_C0341152F.jpg,"Coll Frank D Bowers, Claudio Delgadillo M & Paul Somers",F. D. Bowers,C. Delgadillo M. | P. Somers,5166,25 December 1973,1973-12-25,N/A,Braunia secunda (Hook) B S G,Braunia secunda,A. J. Sharp,N/A,N/A,Mexico,Baja California Sur,N/A,N/A,"Oak-pine and grassland with dry and flowing streams at Sierra de Laguna, 15 miles east of Todos Santos, On boulder, meso, open valley","15 miles east of Todos Santos, Sierra de Laguna, on boulder, open valley",Oak-pine and grassland with dry and flowing streams,,Alt ca 4300 ft,N/A,1045263,Typed,no type status,https://fm-digital-assets.fieldmuseum.org/2307/513/C0341152F.jpg
0041_C0341164F.jpg,"A. J. and E. B. Sharp, B. E. Classon, R. R. Thornburgh",A. J. Sharp,E. B. Sharp | B. E. Classon | R. R. Thornburgh,2081,"June 23, 1973",1973-06-23,N/A,Braunia secunda (Hook.) B.S.G.,Braunia andrieuxii,E. De Luna,1992,N/A,Mexico,Oaxaca,N/A,N/A,"Near El Punto on Hwy. 175, Oaxaca; Mexico. 2625 m.",Near El Punto on Highway 175 [precise locality unknown],"Partial shade, moist, road side cliff",,2625 m,N/A,1045218,Typed,no type status,https://fm-digital-assets.fieldmuseum.org/2307/538/C0341164F.jpg
0042_C0341169F.jpg,"A.J. and S.S. Sharp, E.B. Clebsch, K.R. Thornburgh",A. J. Sharp,S. S. Sharp | E. B. Clebsch | K. R. Thornburgh,2736,"July 4, 1973",1973-07-04,N/A,Braunia secunda (Hook.) B.S.G.,Braunia andrieuxii,E. De Luna,1992,N/A,Mexico,Jalisco,N/A,N/A,"El Mirador on hwy. 80, 3 mi. above San Martin Hidalgo, Jalisco, Mexico. 1750 m.","El Mirador on highway 80, 3 miles above San Martin Hidalgo [precise locality unknown]","Partial shade, moist, vert. surface of boulder",,1750 m,N/A,1045251,Typed,no type status,https://fm-digital-assets.fieldmuseum.org/2307/547/C0341169F.jpg
0043_C0341179F.jpg,C G Pringle,C. G. Pringle,N/A,10619,30 Sept 1906,1906-09-30,N/A,Braunia Andrieuxii Lorentz,Braunia andrieuxii,unsure and check,N/A,N/A,Mexico,Jalisco,N/A,Guadalajara,On rocks near Guadalajara 5000 ft,On rocks near Guadalajara,On rocks,,5000 ft,N/A,1172132,Mix of Handwritten and Typed,no type status,https://fm-digital-assets.fieldmuseum.org/2307/568/C0341179F.jpg
0044_C0341180F.jpg,C G PRINGLE,C. G. Pringle,N/A,10627,17 Sept 1906,1906-09-17,N/A,"Braunia plicata, Mitt, var canescens, Card n var",Braunia andrieuxii,unsure and check,N/A,N/A,Mexico,Hidalgo,N/A,N/A,N/A,[precise locality unknown],N/A,,N/A,N/A,1045265,Typed,no type status,https://fm-digital-assets.fieldmuseum.org/2307/570/C0341180F.jpg
0045_C0341205F.jpg,Edi & Franz Mayr,E. Mayr,F. Mayr,s.n.,s.d.,N/A,N/A,Braunia secunda (Hook.) B.S.G.,Braunia secunda,D. E. De Luna,1992,N/A,Mexico,Jalapa,N/A,N/A,Haube an der Strasse Zalapa-Perote,[precise locality unknown],N/A,,2300m,N/A,1031423,Mix of Handwritten and Typed,no type status,https://fm-digital-assets.fieldmuseum.org/2307/619/C0341205F.jpg
0046_C0341207F.jpg,F. J. Hermann,F. J. Hermann,N/A,20657,"Oct. 7, 1950",1950-10-07,N/A,Braunia secunda (Hook.) B.S.G.,Braunia secunda, N/A,N/A,N/A,Mexico,Chiapas,N/A,N/A,"Oak-pine forest with Abies, highway 10 about 7 miles east of La Ciudad, on boulder, partial shade, elev. 8100 ft.","Highway 10 about 7 miles east of La Ciudad, on boulder, partial shade",Oak-pine forest with Abies,,elev. 8100 ft.,N/A,1036945,Typed,no type status,https://fm-digital-assets.fieldmuseum.org/2307/621/C0341207F.jpg
0047_C0341213F.jpg,A J SHARP,A. J. Sharp,N/A,116,"July 23, 1941",1941-07-23,N/A,Braunia secunda (Hook.) BSG,Braunia secunda,H. A. Crum,N/A,N/A,Mexico,Distrito Federal,N/A,N/A,"Siliceous boulder in mts, above Contreras, D.F., MEXICO","Siliceous boulder in mountains, above Contreras [precise locality unknown]",Siliceous boulder,,N/A,N/A,1045239,Mix of Handwritten and Typed,no type status,https://fm-digital-assets.fieldmuseum.org/2307/910/C0341213F.jpg
0048_C0341223F.jpg,"A.J. Sharp, F.D. Bowers, J.A. Crum, G.L. Smith, R.A. Hattaway, Paul Somers, Jr.",A. J. Sharp,F. D. Bowers | J. A. Crum | G. L. Smith | R. A. Hattaway | P. Somers Jr.,4247,"Dec. 19, 1972",1972-12-19,N/A,Braunia squarrulosa (Hampe) Broth.,Braunia squarrulosa,E. Bowers,N/A,N/A,Mexico,Chiapas,N/A,N/A,"Partial shade, moist, trail side bank. Loma Bonita, Pueblo Nuevo, (about 55 km. northwest of Tuxtla-Gutierrez), Chiapas, + 6500 ft.","Loma Bonita, Pueblo Nuevo, (about 55 kilometers northwest of Tuxtla-Gutierrez), trail side bank","Partial shade, moist",,+ 6500 ft.,N/A,1045274,Typed,no type status,https://fm-digital-assets.fieldmuseum.org/2307/712/C0341223F.jpg
0049_C0341228F.jpg,Det. F.J. Hermann 26429,F. J. Hermann,N/A,26429,"Feb.9,1975",1975-02-09,N/A,Braunia squarrulosa (Hampe) Broth.,Braunia squarrulosa,F. J. Hermann,"Feb.9,1975",N/A,Mexico,Chiapas,N/A,San Cristobal de las Casas,"On oak trunk in oak-pine woods, alt. 6800 ft. 15 mi. S.E. of San Cristobal de las Casas, Chiapas, Mexico.",15 miles southeast of San Cristobal de las Casas [precise locality unknown],On oak trunk in oak-pine woods,,alt. 6800 ft.,N/A,1052129,Typed,no type status,https://fm-digital-assets.fieldmuseum.org/2307/716/C0341228F.jpg
0050_C0341231F.jpg,"A.J. Sharp, P.D. Bowers, D.K. Smith, R.A. Hattaway, Paul Somers, Jr",A. J. Sharp,P. D. Bowers | D. K. Smith | R. A. Hattaway | P. Somers Jr,2980-a,"Dec. 31, 1972",1972-12-31,N/A,Braunia squarrulosa (Hampe) Broth,Braunia squarrulosa,E. De Luna,1992,N/A,Mexico,Oaxaca,N/A,San Pablo Ayutla,"Roadside near San Pablo Ayutla, (about 70 km. east of Oaxaca.)","Roadside near San Pablo Ayutla, about 70 kilometers east of Oaxaca [precise locality unknown]","Dry, full shade, oak branch. Oak-pine woods",,2000 ft,N/A,1045269,Typed,no type status,https://fm-digital-assets.fieldmuseum.org/2307/719/C0341231F.jpg
0051_C0341234F.jpg,Howard A Crum,H. A. Crum,N/A,917,23 July 1949,1949-07-23,N/A,Braunia squarrulosa (Hampe) Broth,Braunia squarrulosa,E. De Luna,1992,N/A,Mexico,Jalisco,N/A,N/A,"Slopes of La Ferreria, above Manzanilla","Slopes of La Ferreria, above Manzanilla","On dead limb, fallen Oak forest",,7300 feet,N/A,1058541,Typed,no type status,https://fm-digital-assets.fieldmuseum.org/2307/722/C0341234F.jpg
0052_C0341237F.jpg,C G PRINGLE,C. G. Pringle,N/A,10550,17 July 1906,1906-07-17,N/A,"Braunia squarrulosa, (Hpe.) Broth.",Braunia squarrulosa,E. De Luna,1992,N/A,Mexico,Federal District,N/A,N/A,"Base of trees, Cima, 10,000 ft.","Base of trees, Cima, 10,000 feet [precise locality unknown]",Base of trees,,"10,000 ft.",N/A,1172439,Mix of Handwritten and Typed,no type status,https://fm-digital-assets.fieldmuseum.org/2307/724/C0341237F.jpg
0053_C0341238F.jpg,LEG. EGGERS & FRAHM 10.3.79(24), Eggers,J. P. Frahm,s.n.,10.3.79(24),1979-03-10,N/A,Braunia squarrosula (Hamp.) Broth.,Braunia squarrosula,E. De Luna,1992,N/A,Mexico,Chiapas,N/A,N/A,KM 100 AN DER STR. OCOSINGO-SAN CRISTOBAL EICHEN-KIEFERNWALD 2050 MSM,km 100 on the road Ocosingo-San Cristobal [precise locality unknown],oak-pine forest,,2050 MSM,N/A,1031467,Mix of Handwritten and Typed,no type status,https://fm-digital-assets.fieldmuseum.org/2307/725/C0341238F.jpg
0054_C0341239F.jpg,LEO EDGERS & FRANK 10.3.79(29),L. Edgers,F. Frank,29,10.3.79,1979-03-10,N/A,Braunia squarrulosa (Hampe)Broth,Braunia squarrulosa, N/A,N/A,N/A,Mexico,Chiapas,N/A,San Cristobal,KM 100 AN DER STR OCOSINGO-SAN CRISTOBAL EICHEN-KIEFERNWALD 2250 MSM,km 100 on the road Ocosingo-San Cristobal [precise locality unknown],oak-pine forest,,2250 MSM,N/A,1031495,Handwritten,no type status,https://fm-digital-assets.fieldmuseum.org/2307/726/C0341239F.jpg
0055_C0341242F.jpg,F J Hermann 26429,F. J. Hermann,N/A,26429,"February 9, 1975",1975-02-09,N/A,"Braunia squarrulosa (Hampe) Broth., c.fr.",Braunia squarrulosa,D. E. De Luna,1992,N/A,Mexico,Chiapas,N/A,N/A,"Estado de Chiapas, 15 miles SE. SAN CRISTOBAL DE LAS CASAS",15 miles southeast of San Cristobal de las Casas [precise locality unknown],"On oak trunk in oak-pine woods along Route 190, alt. 6800 ft.",,alt. 6800 ft.,N/A,1045277,Typed,no type status,https://fm-digital-assets.fieldmuseum.org/2307/729/C0341242F.jpg
0056_C0341246F.jpg,"Dana Griffin, III y Maria Morales",D. Griffin,M. Morales,s.n.,4 feb. 1979,1979-02-04,N/A,Braunia squarrulosa (Hampe) C. Müll.,Braunia squarrulosa,E. De Luna,1992,N/A,Costa Rica,San Jose,N/A,N/A,"Valle de Copey, ca. 30 kms al sur de Cartago. Bosque primario montano bajo muy húmedo y potreros. Alt. 2000 m","Valle de Copey, about 30 kilometers south of Cartago",Bosque primario montano bajo muy húmedo y potreros,,Alt. 2000 m,N/A,1029423,Typed,no type status,https://fm-digital-assets.fieldmuseum.org/2307/733/C0341246F.jpg
0057_C0341248F.jpg,S. Churchill 20792,S. Churchill,N/A,20792,4 Ago 2001,2001-08-04,N/A,Braunia exserta C. Müller,Braunia exserta,S. Churchill,2001,N/A,Bolivia,Tarija,N/A,N/A,"Tarija: Burnet O'Connor Serranía Huacayoj. Ca. 35 km oeste de Entre Ríos (carretera a Tarija). Bosque montano Tucumano-Boliviano, remanente","Serranía Huacayoj, approximately 35 kilometers west of Entre Ríos (road to Tarija)",Remnant Tucumano-Bolivian montane forest,,2300 m,21°25'S64°19'W,1183435,Typed,no type status,https://fm-digital-assets.fieldmuseum.org/2307/735/C0341248F.jpg
0058_C0341251F.jpg,B Sparre,B. Sparre,N/A,811750,27 November 1946,1946-11-27,N/A,Braunia cirrhifolia (Mitt) Jaeg,Braunia cirrhifolia, N/A,N/A,N/A,Argentina,Tucuman,N/A,N/A,"Prov Tucuman, Choligasta, Rio Cochuna, 1000 m a s l","Rio Cochuna, 1000 meters above sea level [precise locality unknown]","Subtropical rainforest, epiphyte",,1000 m a s l,N/A,1136355,Typed,no type status,https://fm-digital-assets.fieldmuseum.org/2307/738/C0341251F.jpg
0059_C0341253F.jpg,Marko Lewis,M. Lewis,N/A,79-1625,6 April 1979,1979-04-06,N/A,Braunia cirrhifolia (Mitt.) Wils. ex Jaeg.,Braunia cirrhifolia,E. De Luna,1992,N/A,Bolivia,La Paz,Larecaja,N/A,"Canyon 1 km. E. of Cachipata, SE of Sorata, 3250 m., 15° 48' S., 68° 36' W.","Canyon 1 kilometer east of Cachipata, southeast of Sorata [precise locality unknown]",In ravine with waterfall,,3250 m.,15°48'S68°36'W,1032380,Typed,no type status,https://fm-digital-assets.fieldmuseum.org/2307/740/C0341253F.jpg
0060_C0341254F.jpg,Marko Lewis 82-303,M. Lewis,N/A,82-303,9 Dec 1982,1982-12-09,N/A,Braunia plicata (Mitt.) Jaeg,Braunia plicata,D. G. III,1990,N/A,Bolivia,La Paz,N/A,N/A,"PROV INQUISIVI: Río Chalusuyu' along the Río Chalusuyu, a branch of the Río San Cristóbal, 5 km NW of Suri, 16°44'S, 68°41'W ca 2450 m","Along the Río Chalusuyu, a branch of the Río San Cristóbal, 5 kilometers northwest of Suri","Arid woodland and cliff area, many cacti present At base of cliffs near river amongst a boulder pile in a deep canyon Small trees, tree cacti and shrubs in shady, protected area",,ca 2450 m,16°44'S68°41'W,1091412,Handwritten,no type status,https://fm-digital-assets.fieldmuseum.org/2307/741/C0341254F.jpg
0061_C0341255F.jpg,M. Lewis no. 79-1230,M. Lewis,N/A,79-1230,22 March 1979,1979-03-22,N/A,Braunia plicata (Mitt.) Jaeg.,Braunia plicata,E. De Luna,1992,N/A,Bolivia,La Paz,Larecaja,N/A,"Near large red outcrop 2 mi. from Sorata down Rio Consata, 15° 41' S., 68° 43' W.",Near large red outcrop 2 miles from Sorata down Rio Consata [precise locality unknown],Abundant on exposed rock face,,2600 m.,15°41'S68°43'W,1032384,Typed,no type status,https://fm-digital-assets.fieldmuseum.org/2307/742/C0341255F.jpg
0062_C0341257F.jpg,N/A,M. Lewis,N/A,79-947,5 March 1979,1979-03-05,N/A,Braunia plicata (Mitt.) Jaeg.,Braunia plicata,E. De Luna,1992,N/A,Bolivia,La Paz,Saavedra,N/A,"Trail between Charazani and Nino Korin; NNW of Chuma, 15°11' S, 69° 04' W",Trail between Charazani and Nino Korin; NNW of Chuma [precise locality unknown],Banks of trail,,3200-3240 m,15°11'S69°04'W,1032341,Typed,no type status,https://fm-digital-assets.fieldmuseum.org/2307/744/C0341257F.jpg
0063_C0341258F.jpg,"Marko Lewis, no. 79-940",M. Lewis,N/A,79-940,5 March 1979,1979-03-05,N/A,Braunia plicata (Mitt.) Jaeg.,Braunia plicata,E. De Luna,1992,N/A,Bolivia,La Paz,Saavedra,N/A,"Trail between Charasani and Nino Korin, NNW of Chuma, 15° 11' S, 69° 04' W","Trail between Charasani and Nino Korin, NNW of Chuma",Banks of trail,,3200 m,15°11'S69°04'W,1032381,Typed,no type status,https://fm-digital-assets.fieldmuseum.org/2307/745/C0341258F.jpg
0064_C0341263F.jpg,"Marko Lewis, no. 79-935",M. Lewis,N/A,79-935,5 March 1979,1979-03-05,N/A,Hedwigidium integrifolium (P. Beauv.) Dix.,Hedwigidium integrifolium, N/A,N/A,N/A,Bolivia,La Paz,Saavedra,N/A,"Trail between Charazani and Nino Korin, NNW of Charazani, 15° 11' S, 69° 04' W","Trail between Charazani and Nino Korin, northwest of Charazani [precise locality unknown]",Along bank of trail,,3200 m,15°11'S69°04'W,1032366,Mix of Handwritten and Typed,no type status,https://fm-digital-assets.fieldmuseum.org/2307/750/C0341263F.jpg
0065_C0341264F.jpg,Marko Lewis,M. Lewis,N/A,79-615,10 February 1979,1979-02-10,N/A,Hedwigidium integrifolium (P. Beauv.) Dix,Hedwigidium integrifolium, N/A,N/A,N/A,Bolivia,Tarija,Mendez,N/A,"Dirt bank in Khena forest, 3350 m, 5 mi NE of Iscayachi; E slope of mountains (hike from summit of road into canyon N of Tarija-Iscayachi Hwy), 21° 27' S, 64° 54' W","Dirt bank in Khena forest, 5 miles northeast of Iscayachi; east slope of mountains (hike from summit of road into canyon north of Tarija-Iscayachi Highway)",Dirt bank in Khena forest,,3350 m,21°27'S64°54'W,1032358,Handwritten,no type status,https://fm-digital-assets.fieldmuseum.org/2307/751/C0341264F.jpg
0066_C0341265F.jpg,"M Dillon, U Molau, & P Matekaitis 3120D",M. Dillon,U. Molau | P. Matekaitis,3120D,28 Jan 1983,1983-01-28,N/A,Braunia secunda (Hook) BSG,Braunia secunda,D. G. III,28 Jan 1983,N/A,Peru,Ancash,Yungay,N/A,"Ca 25 km NE of Yungay, slopes below Laguna de Llanganuco + 3380 m Growing on branches","Approximately 25 kilometers northeast of Yungay, slopes below Laguna de Llanganuco [precise locality unknown]",Growing on branches,,+ 3380 m,N/A,1111860,Typed,no type status,https://fm-digital-assets.fieldmuseum.org/2307/752/C0341265F.jpg
0067_C0341266F.jpg,leg Dana Griffin III y Efrain Dugarte,D. Griffin,E. Dugarte,PV-1143,5 marzo 1983,1983-03-05,N/A,Braunia secunda (Hook.) BSG,Braunia secunda,H. De Luna,1992,N/A,Venezuela,Merida,N/A,N/A,"ESTADO MERIDA: Quebrada Gavidia, al sur de Mucujún, entre la peña La Virgen y el Pico El Toro, cerca del pueblo de Gavidia Páramo con Espeletia schultzii Alt 3100-3300 m","Quebrada Gavidia, south of Mucujún, between peña La Virgen and Pico El Toro, near the town of Gavidia [precise locality unknown]",Sobre roca + seca a baja luz,,Alt 3100-3300 m,N/A,1064457,Typed,no type status,https://fm-digital-assets.fieldmuseum.org/2307/753/C0341266F.jpg
0068_C0341268F.jpg,Marko Lewis,M. Lewis,N/A,79-489A,2 February 1979,1979-02-02,N/A,Braunia laxifolia Herz.,Braunia subincana,E. De Luna,1992,N/A,Bolivia,Tarija,O'Connor,N/A,"Casteon, at summit of mountain above and W. of Puente Rios, along road to Tarija, 21° 28' S., 64° 12' W.","Casteon, at summit of mountain above and west of Puente Rios, along road to Tarija [precise locality unknown]",On rocks in dry deciduous forest,,1750 m,21°28'S64°12'W,1032377,Typed,no type status,https://fm-digital-assets.fieldmuseum.org/2307/755/C0341268F.jpg
0069_C0341270F.jpg,F J Hermann 25278,F. J. Hermann,N/A,25278,"December 24, 1972",1972-12-24,N/A,Braunia suplicata E.G.Britt,Braunia subincana,E. De Luna,1992,N/A,Bolivia,Cochabamba,Chapare,N/A,"From the Province of Chapare, alt ca 9500 ft Purchased in market at COCHABAMBA",[precise locality unknown],N/A,,alt ca 9500 ft,N/A,1045267,Typed,no type status,https://fm-digital-assets.fieldmuseum.org/2307/757/C0341270F.jpg
0070_C0341698F.jpg,S R Gradstein & M Lewis 7560,S. R. Gradstein,M. Lewis,7560,12 November 1989,1989-11-12,N/A,Racopilum intermedium Hampe det H O van Zanten,Racopilum intermedium,H. O. van Zanten,N/A,N/A,Bolivia,Cochabamba,Chapare,N/A,Dept Cochabamba Prov Chapare Incachaca 5 km S of road Cochabamba - Villa Tunari km 95 alt 2300 m,Incachaca 5 kilometers south of road Cochabamba - Villa Tunari kilometer 95 [precise locality unknown],On cliff under scrub in area of wet meadows and secondary woodlands,,alt 2300 m,N/A,1081583,Typed,no type status,https://fm-digital-assets.fieldmuseum.org/2308/102/C0341698F.jpg
0071_C0341739F.jpg,Marko Lewis 83-503,M. Lewis,N/A,83-503,7 Feb 1983,1983-02-07,N/A,Racopilum tomentosum (Hedw.) Brid.,Racopilum tomentosum, N/A,N/A,N/A,Bolivia,La Paz,Nor Yungas,Coroico,'Coroico' 3 km S of Coroico along road between Coroico and Yolosa,3 km south of Coroico along road between Coroico and Yolosa,On rocks in shady fruit orchard Fruit and coffee plantations,,ca. 1650 m,16°11'S67°43'W,1100456,Typed,no type status,https://fm-digital-assets.fieldmuseum.org/2308/191/C0341739F.jpg
0072_C0341763F.jpg,"Ynes Mexia, No",Y. Mexia,N/A,5281-a,"Nov 11, 1930",1930-11-11,N/A,Rhacoplium tomentosum (Hedw.) Brid,Rhacoplium tomentosum,E. Bartram,N/A,N/A,Brazil,Minas Gerais,N/A,N/A,"Fazenda do F. Lopes, Cut over woods, On rotting log","Fazenda do F Lopes, on rotting log [precise locality unknown]",Cut over woods,,Alt 720 m,N/A,N/A,Mix of Handwritten and Typed,no type status,https://fm-digital-assets.fieldmuseum.org/2308/199/C0341763F.jpg
0073_C0341787F.jpg,"S M Gradstein, H J M Sipman & W A Weber",S. M. Gradstein,H. J. M. Sipman | W. A. Weber,950-354,24.IV.1976,1976-04-24,N/A,Rhacoplium tomentosum (Hedw.)Brid.,Rhacoplium tomentosum,W. A. Weber,N/A,Psidium guajava,Ecuador,Galápagos,N/A,N/A,"GALAPAGOS ISLANDS, Isla Floreana, Psidium guajava woodlands and pampas east of Cruz Farm, on rather dry shaded rocks","Isla Floreana, Psidium guajava woodlands and pampas east of Cruz Farm [precise locality unknown]",on rather dry shaded rocks,,N/A,N/A,1023912,Typed,no type status,https://fm-digital-assets.fieldmuseum.org/2308/207/C0341787F.jpg
0074_C0341789F.jpg,Leg P & E Hegewald,P. Hegewald,E. Hegewald,5726,31 8 1973,1973-08-31,N/A,Racopilum tomentosum (Hedw.) Brid,Racopilum tomentosum, N/A,N/A,N/A,Peru,Amazonas,Chachapoyas,N/A,Leimebamba Caullamar ca Balzas,Leimebamba Caullamar near Balzas [precise locality unknown],N/A,,m,N/A,1026724,Mix of Handwritten and Typed,no type status,https://fm-digital-assets.fieldmuseum.org/2308/209/C0341789F.jpg
0075_C0341798F.jpg,J. & P. A. Florschütz,J. Florschütz,P. A. Florschütz,4715,18.XII.1975,1975-12-18,N/A,Racopilum tomentosum (Hedw.)Brid,Racopilum tomentosum,P. A. F. |. J. F. Waard,unsure and check,N/A,Suriname,N/A,N/A,N/A,"Hab. Brownsberg, trail to Leo fall","Brownsberg, trail to Leo fall [precise locality unknown]",On decaying log,,N/A,N/A,1028580,Typed,no type status,https://fm-digital-assets.fieldmuseum.org/2308/214/C0341798F.jpg
0076_C0341803F.jpg,"E. Linares, S.R. Gradstein and B.O. van Zanten 1543",E. Linares,S. R. Gradstein | B. O. van Zanten,1543,26 Sept. 1984,1984-09-26,N/A,RACOPILUM TOMENTOSUM (Hedw.) Brid.,Racopilum tomentosum, N/A,N/A,N/A,Colombia,Meta,Villavicencio,N/A,"forest of the Bavaria brewery near río Guaitiquía, alt. 600 m. On log in forest.",forest of the Bavaria brewery near río Guaitiquía [precise locality unknown],On log in forest,,alt. 600 m,N/A,1065598,Typed,no type status,https://fm-digital-assets.fieldmuseum.org/2308/115/C0341803F.jpg
0077_C0341804F.jpg,Marko Lewis 83-511,M. Lewis,N/A,83-511,7 Feb 1983,1983-02-07,N/A,Racopilum tomentosum (Hedw.) Brid,Racopilum tomentosum, N/A,N/A,N/A,Bolivia,La Paz,Nor Yungas,Coroico,'Coroico' 1 km S of Coroico along road between Coroico and Yolosa,1 km south of Coroico along road between Coroico and Yolosa [precise locality unknown],Fruit and coffee plantations Bark of fruit trees in orchard,,ca 1650 m,16°11'S67°43'W,1100344,Typed,no type status,https://fm-digital-assets.fieldmuseum.org/2308/218/C0341804F.jpg
0078_C0341805F.jpg,"Ynes Mexia, No.8190a",Y. Mexia,N/A,8190a,"Sept. 15,1936",1936-09-15,N/A,Rhacopilum tomentosum (Sw.) Brid.,Rhacopilum tomentosum, N/A,N/A,N/A,Peru,Huanuco,N/A,N/A,"Departamento and Provincia Huanuco, Distrito Churubamba; Hacienda Mercedes; Poca Parga; old tree trunk in dense shade",Distrito Churubamba; Hacienda Mercedes; Poca Parga; old tree trunk in dense shade,old tree trunk in dense shade,,Alt. 1550 m.,N/A,N/A,Typed,no type status,https://fm-digital-assets.fieldmuseum.org/2308/219/C0341805F.jpg
0079_C0341806F.jpg,"Ynes Mexia, No. 8165a",Y. Mexia,N/A,8165a,"Sept. 9,1936",1936-09-09,N/A,Rhacopilum tomentosum (Sw.) Brid.,Rhacopilum tomentosum, N/A,N/A,N/A,Peru,Huanuco,N/A,N/A,"Departamento and Provincia Huanuco, Distrito Churubamba; Hacienda Exito; bank of Rio Ysabel; on rock in wood",Hacienda Exito; bank of Rio Ysabel; on rock in wood,on rock in wood,,Alt. 1100 m.,N/A,1036304,Typed,no type status,https://fm-digital-assets.fieldmuseum.org/2308/220/C0341806F.jpg
0080_C0341807F.jpg,"Ynes Mexia, No. 8168a",Y. Mexia,N/A,8168a,"Sept. 6,1936",1936-09-06,N/A,Rhacoplium tomentosum (Sw.) Brid.,Rhacoplium tomentosum, N/A,N/A,N/A,Peru,Huanuco,N/A,N/A,"Departamento and Provincia Huanuco, Distrito Churubamba; Hacienda Exito; bank of Rio Ysabel; on rock in woods",Hacienda Exito; bank of Rio Ysabel; on rock in woods,on rock in woods,,Alt. 1100 m.,N/A,1036249,Typed,no type status,https://fm-digital-assets.fieldmuseum.org/2308/221/C0341807F.jpg
0081_C0341828F.jpg,Richard Evans Schultes et Isidoro Cabrera,R. E. Schultes,I. Cabrera,16563,"May 19, 1952",1952-05-19,N/A,Leucomium lignicola Spruce ex Mitt,Leucomium lignicola, N/A,N/A,N/A,Colombia,Amazonas,N/A,N/A,"Rio Miritiparaná: Caño Guacayá Altitude about 700 feet General location: Lat 0° 30' S, Long 70° 40' W",Rio Miritiparaná: Caño Guacayá [precise locality unknown],"On wet, fallen log",,Altitude about 700 feet,Lat0°30'SLong70°40'W,1055165,Mix of Handwritten and Typed,no type status,https://fm-digital-assets.fieldmuseum.org/2310/761/C0341828F.jpg
0082_C0341834F.jpg,"Dana Griffin III, Orlando Rangel y Guido van Reenen",D. G. III,O. Rangel | G. van Reenen,"50,186",Julio-Agosto 1977,1977-07-00,1977-08-00,Leiomitum lignicola sp. ex Mitt,Leiomitum lignicola,S. R. Gradstein,N/A,N/A,Colombia,Magdalena,N/A,N/A,Parque Nacional de la Sierra Nevada de Santa Marta. Vertiente oriental del Rio Buritaca. Bosque nublado montano bajo,Parque Nacional de la Sierra Nevada de Santa Marta Vertiente oriental del Rio Buritaca [precise locality unknown],Bosque nublado montano bajo,,1600-1700 m,N/A,1029476,Typed,no type status,https://fm-digital-assets.fieldmuseum.org/2310/772/C0341834F.jpg
0083_C0341890F.jpg,S P Churchill et al 15466,S. P. Churchill,N/A,15466,6 July 1987,1987-07-06,N/A,Trachyxyphium tenue (Mitt) Buck (= Hookeriopsis tenue Mitt),Trachyxyphium tenue,S. P. Churchill,N/A,N/A,Colombia,Antioquia,N/A,N/A,Mun de la Union Cerro San Miguel S of San Miguel 5°55' N 75°17' W alt 2460-2620 m In secondary montane forest,Cerro San Miguel south of San Miguel [precise locality unknown],In secondary montane forest,,alt 2460-2620 m,5°55'N75°17'W,1139980,Typed,no type status,https://fm-digital-assets.fieldmuseum.org/2311/202/C0341890F.jpg
0084_C0341932F.jpg,"Dana Griffin, III, María Isabel Morales y Dora Emilia de Retana",D. Griffin,M. I. Morales | D. E. de Retana,s.n.,"Julio 3-4, 1977",1977-07-03,1977-07-04,Hypnella pilifera (Hook. et Wils.) Jaeg.,Hypnella pilifera, N/A,N/A,N/A,Costa Rica,Cartago,N/A,N/A,"CARTAGO: Reserva Forestal Tapantí, vertiente oriental del Río Macho. Bosque muy húmedo montano bajo. Alt. 1,300-1,600 m.","Reserva Forestal Tapantí, eastern slope of Río Macho [precise locality unknown]",Very humid lower montane forest,,"Alt. 1,300-1,600 m.",N/A,1025621,Typed,no type status,https://fm-digital-assets.fieldmuseum.org/2310/492/C0341932F.jpg
0085_C0342106F.jpg,John J. Wurdack,J. J. Wurdack,N/A,34365,N/A,1953-00-00,N/A,Hypnella cymbifolia (Hpe.) Jaeg.,Hypnella cymbifolia,E. B. Bartram,N/A,N/A,Venezuela,Bolívar,N/A,N/A,"Estado Bolívar, Venezuela",[precise locality unknown],Frequent on fallen logs in forest between Camps 3 and 2,,elev. 1250 - 1200 m.,N/A,1026297,Typed,no type status,https://fm-digital-assets.fieldmuseum.org/2310/951/C0342106F.jpg
0086_C0342107F.jpg,William R Buck 2445,W. R. Buck,N/A,2445,3-12 July 1979,1979-07-03,1979-07-12,Hookeriopsis parkeriana (Hook & Grev) Jaeg,Hookeriopsis parkeriana, N/A,N/A,N/A,Brazil,Amazonas,N/A,N/A,"Slopes and summit of Serra Curicuriari, from Igarapé Arabu of the Rio Curicuriari to the summit, ca 450 m at summit, 00°20'S, 66°50'W","Slopes and summit of Serra Curicuriari, from Igarapé Arabu of the Rio Curicuriari to the summit",On branches at summit,,ca 450 m at summit,00°20'S66°50'W,1125553,Typed,no type status,https://fm-digital-assets.fieldmuseum.org/2310/953/C0342107F.jpg
0087_C0342117F.jpg,Robin B Foster 4722,R. B. Foster,N/A,4722,30 July 1981,1981-07-30,N/A,HYPNELLA PILIFERA (Hook & Wils) Jaeg,Hypnella pilifera,W. C. Steere,N/A,N/A,Peru,Pasco,N/A,N/A,"E slope of Cordillera Yanachaga, on Tunque- Chuchurras trail, 1900 m, 10°30'S, 75°30'W In Weinmannia forest","E slope of Cordillera Yanachaga, on Tunque- Chuchurras trail [precise locality unknown]",In Weinmannia forest,,1900 m,10°30'S75°30'W,1059405,Typed,no type status,https://fm-digital-assets.fieldmuseum.org/2310/974/C0342117F.jpg
0088_C0342123F.jpg,J.M. Fitzpatrick & D.E. Willard s.n.,J. M. Fitzpatrick,D. E. Willard,s.n.,4 Dec. 1981,1981-12-04,N/A,Hypnella pilifera (Hook. & Wils.) Jaeg.,Hypnella pilifera, N/A,N/A,N/A,Peru,Cusco,N/A,N/A,"Slopes above Pillahuata, near km. #126 on Cospipata Hwy., 2850 m., 13°11'S, 71°22'W. Extremely mossy elfin cloud forest near shallow ravine.","Slopes above Pillahuata, near kilometer 126 on Cospipata Highway, 2850 meters [precise locality unknown]",Extremely mossy elfin cloud forest near shallow ravine,,2850 m.,13°11'S71°22'W,1059455,Typed,no type status,https://fm-digital-assets.fieldmuseum.org/2310/987/C0342123F.jpg
0089_C0342153F.jpg,S P Churchill et al 18335,S. P. Churchill,N/A,18335,11 July 1992,1992-07-11,N/A,Hypnella diversifolia (Mitt) Jaeg,Hypnella diversifolia,S. P. Churchill,N/A,N/A,Colombia,Antioquia,N/A,N/A,"Mun de Valdivia, road to Pueblo Nuevo, Ventanas, 7°5' N, 75°25' W, alt 1950 m On talud, in secondary montane forest","Road to Pueblo Nuevo, Ventanas [precise locality unknown]","On talud, in secondary montane forest",,alt 1950 m,7°5'N75°25'W,1139992,Typed,no type status,https://fm-digital-assets.fieldmuseum.org/2311/048/C0342153F.jpg
0090_C0342159F.jpg,E. B. Bartram,E. B. Bartram,N/A,34056,"January 7, 1953",1953-01-07,N/A,Hypnella cymbifolia (Hpe.) Jaeg.,Hypnella cymbifolia, N/A,N/A,N/A,Venezuela,Bolivar,N/A,N/A,"Estado Bolivar, Venezuela",[precise locality unknown],Fruiting scantily on logs Occasional in rain-forest between Camps 2 and 3,,elev. 1200-1250 m,N/A,1026299,Typed,no type status,https://fm-digital-assets.fieldmuseum.org/2311/060/C0342159F.jpg
0091_C0342164F.jpg,Robin B. Foster 4720,R. B. Foster,N/A,4720,30 July 1981,1981-07-30,N/A,HYPNELLA PALLESCENS (Hook.) Jaeg.,Hypnella pallescens, N/A,N/A,N/A,Peru,Pasco,N/A,N/A,"E slope of Cordillera Yanachaga, on Yanque- Chuchurras trail, 1900 m., 10°30'S, 75°30'W. In Weinmannia forest.","E slope of Cordillera Yanachaga, on Yanque- Chuchurras trail [precise locality unknown]",In Weinmannia forest,,1900 m.,10°30'S75°30'W,1059403,Typed,no type status,https://fm-digital-assets.fieldmuseum.org/2311/071/C0342164F.jpg
0092_C0342165F.jpg,John J. Wurdack,J. J. Wurdack,N/A,34305,"February 11, 1953",1953-02-11,N/A,Frullania cuspidifolia (Hpe.) Jaeg.,Frullania cuspidifolia,S. R. Hartram,N/A,N/A,Venezuela,Bolívar,N/A,N/A,"Frequent on fallen logs in forest between Camps 3 and 2, elev. 1250 - 1200 m.",Frequent on fallen logs in forest between Camps 3 and 2,Forest,,elev. 1250 - 1200 m.,N/A,1026300,Typed,no type status,https://fm-digital-assets.fieldmuseum.org/2311/073/C0342165F.jpg
0093_C0342515F.jpg,T Husnot,T. Husnot,N/A,s.n.,s.d.,N/A,N/A,Weisia compacta Brid.,Weisia compacta, N/A,N/A,N/A,France,Orne,N/A,Calais,"à Calais, par Athis (Orne)","Calais, near Athis",Rochers schisteux de la Saboterie,,N/A,N/A,1084497,Mix of Handwritten and Typed,no type status,https://fm-digital-assets.fieldmuseum.org/2314/809/C0342515F.jpg
0094_C0398471F.jpg,Coll H Inoue,H. Inoue,N/A,s.n.,"Jan 11, 1973",1973-01-11,N/A,Macromitrium japonicum Doz. et Molk.,Macromitrium japonicum,Z. Iwatsuki,N/A,Pinus thunbergii,Japan,N/A,N/A,N/A,"Around Shirahama, Iriomote Isl., the Ryukyu Isls.","Around Shirahama, Iriomote Island, Ryukyu Islands [precise locality unknown]",On bark of Pinus thunbergii,,elevation about 10 m,N/A,1021837,Typed,no type status,https://fm-digital-assets.fieldmuseum.org/2303/929/C0398471F.jpg
0095_C0399126F.jpg,L. B. Smith,L. B. Smith,N/A,2464,17.3.1956,1956-03-17,N/A,Campylopus arctocarpus (Hornsch.) Mitt.,Campylopus arctocarpus, N/A,N/A,N/A,Brazil,Santa Catarina,N/A,Bom Retiro,"Campo dos Padres, Bom Retiro",Campo dos Padres [precise locality unknown],rupestre,,1950 msm,N/A,N/A,Mix of Handwritten and Typed,no type status,https://fm-digital-assets.fieldmuseum.org/2298/760/C0399126F.jpg
0096_C0399179F.jpg,Frahm 22.7.1977,J. P. Frahm,N/A,s.n.,22.7.1977,1977-07-22,N/A,Campylopus arctocarpus (Hornsch.) Mitt.,Campylopus arctocarpus, Frahm,N/A,N/A,Brazil,São Paulo,N/A,São José dos Barreiros,"Serra do Bocaina, Leeseite, an der Straße Campos da Cunha - São José dos Barreiros","Serra do Bocaina, lee side, on the road from Campos da Cunha to São José dos Barreiros [precise locality unknown]",epiphytisch im Podocarpus-Wald,,1200 msm,N/A,1026026,Typed,no type status,https://fm-digital-assets.fieldmuseum.org/2298/823/C0399179F.jpg
0097_C0399191F.jpg,F. Reitz,F. Reitz,N/A,3912,20-1-1953,1953-01-20,N/A,Campylopus atrouirens (Hornsch) Broth,Campylopus atrouirens, N/A,N/A,N/A,Brazil,Santa Catarina,N/A,Itajaí,"Morro do Bau, Itajaí",Morro do Bau [precise locality unknown],rupestre,,Altit 900 msm,N/A,N/A,Mix of Handwritten and Typed,no type status,https://fm-digital-assets.fieldmuseum.org/2298/847/C0399191F.jpg
0098_C0679833F.jpg,Schäfer-Verwimp 5.9.1987 no. 9019 det. Schäfer-Verwimp, Schäfer-Verwimp,N/A,9019,5.9.1987,1987-09-05,N/A,Campylopus griseus (HORNSCH.) JAEG.,Campylopus griseus, Schäfer-Verwimp,N/A,N/A,Brazil,São Paulo,N/A,N/A,"Pedra Grande bei Atibaia, Campo-Vegetation im Gipfelbereich, schattenreicher Felshand; 1400 msm",Pedra Grande near Atibaia [precise locality unknown],"Campo vegetation in summit area, shady rock face",,1400 msm,N/A,1097651,Typed,no type status,https://fm-digital-assets.fieldmuseum.org/2301/652/C0679833F.jpg
0099_C0679841F.jpg,leg J-P Frahm 6 9 1982,J. P. Frahm,N/A,s.n.,6 9 1982,1982-09-06,N/A,Campylopus heterostachys (Hamp.)Jaeg.,Campylopus heterostachys, N/A,N/A,N/A,Peru,Amazonas,N/A,N/A,"Dep. Amazonas, Strasse Cajamarca - Chachapoyas km 417,5 oberhalb Leimebamba, auf übererdeten Steinblock im Nebelwald 2655 m.","Cajamarca - Chachapoyas road km 417.5 above Leimebamba, on overgrown boulder in cloud forest [precise locality unknown]",cloud forest,,2655 m,N/A,1053590,Typed,no type status,https://fm-digital-assets.fieldmuseum.org/2301/660/C0679841F.jpg
