run name,fieldname,method,gradedMatch,diff gradedMatch,accuracy,diff accuracy,num mismatches,diff mismatches,   ,itemized,errors,  ------>,extraneous preface,"period,extraneous preface",period,spacing,"spacing,period,positive polarity sign",positive polarity sign,"period,positive polarity sign",vowel diacritic,"spacing,vowel diacritic,comma","spacing,comma","period,comma","vowel diacritic,dash","spacing,dash","vowel diacritic,comma","spacing,extraneous preface","spacing,period,comma",bracketed comment,"period,comma,extraneous preface","spacing,period,positive polarity sign,extraneous preface","spacing,period,extraneous preface","spacing,period","comma,extraneous preface",comma,"spacing,period,dash","comma,bracketed comment","vowel diacritic,bracketed comment","spacing,comma,bracketed comment",sum
gpt-4-2024-05-30-1139,collectedBy,name_compliance,86.0,,64.0,,4,,,,,,0,0,1,2,0,0,0,0,0,0,0,0,1,0,0,0,0,0,0,0,0,0,0,0,0,0,0,5
post_gpt-4-2024-05-30-1139,collectedBy,name_compliance,86.0,0.0,66.0,2.0,2,2,,,,,0,0,1,0,0,0,0,0,0,0,0,0,1,0,0,0,0,0,0,0,0,0,0,0,0,0,0,3
,,,,,,,,,,,,,,,,,,,,,,,,,,,,,,,,,,,,,,,,
gpt-4-2024-05-30-1025,collectedBy,name_compliance,93.0,,85.0,,3,,,,,,0,0,1,0,0,0,0,0,0,1,0,0,1,0,0,0,0,0,0,0,0,0,0,0,0,0,0,5
post_gpt-4-2024-05-30-1025,collectedBy,name_compliance,94.0,1.0,85.0,0.0,3,0,,,,,0,0,1,0,0,0,0,0,0,1,0,0,1,0,0,0,0,0,0,0,0,0,0,0,0,0,0,5
,,,,,,,,,,,,,,,,,,,,,,,,,,,,,,,,,,,,,,,,
gpt-4o-2024-06-11-1050,collectedBy,name_compliance,90.0,,69.0,,2,,,,,,0,0,1,0,0,0,0,0,0,0,0,0,1,0,0,0,0,0,0,0,0,0,0,0,0,0,0,3
post_gpt-4o-2024-06-11-1050,collectedBy,name_compliance,90.0,0.0,69.0,0.0,2,0,,,,,0,0,1,0,0,0,0,0,0,0,0,0,1,0,0,0,0,0,0,0,0,0,0,0,0,0,0,3
,,,,,,,,,,,,,,,,,,,,,,,,,,,,,,,,,,,,,,,,
gpt-4o-2024-06-11-1110,collectedBy,name_compliance,87.0,,67.0,,1,,,,,,0,0,1,0,0,0,0,0,0,0,0,0,0,0,0,0,0,0,0,0,0,0,0,0,0,0,0,1
post_gpt-4o-2024-06-11-1110,collectedBy,name_compliance,87.0,0.0,67.0,0.0,1,0,,,,,0,0,1,0,0,0,0,0,0,0,0,0,0,0,0,0,0,0,0,0,0,0,0,0,0,0,0,1
,,,,,,,,,,,,,,,,,,,,,,,,,,,,,,,,,,,,,,,,
claude-3-opus-2024-06-12-1404,collectedBy,name_compliance,54.0,,31.0,,1,,,,,,0,0,0,0,0,0,0,0,0,0,0,0,1,0,0,0,0,0,0,0,0,0,0,0,0,0,0,2
post_claude-3-opus-2024-06-12-1404,collectedBy,name_compliance,54.0,0.0,31.0,0.0,1,0,,,,,0,0,0,0,0,0,0,0,0,0,0,0,1,0,0,0,0,0,0,0,0,0,0,0,0,0,0,2
,,,,,,,,,,,,,,,,,,,,,,,,,,,,,,,,,,,,,,,,
claude-3-opus-2024-06-12-1440,collectedBy,name_compliance,54.0,,31.0,,1,,,,,,0,0,0,0,0,0,0,0,0,0,0,0,1,0,0,0,0,0,0,0,0,0,0,0,0,0,0,2
post_claude-3-opus-2024-06-12-1440,collectedBy,name_compliance,54.0,0.0,31.0,0.0,1,0,,,,,0,0,0,0,0,0,0,0,0,0,0,0,1,0,0,0,0,0,0,0,0,0,0,0,0,0,0,2
,,,,,,,,,,,,,,,,,,,,,,,,,,,,,,,,,,,,,,,,
gemini-1.5-pro-2024-06-20-0153,collectedBy,name_compliance,76.0,,13.0,,50,,,,,,0,0,48,1,0,0,0,0,0,0,0,0,0,0,0,0,0,0,0,0,0,0,0,1,0,0,0,52
post_gemini-1.5-pro-2024-06-20-0153,collectedBy,name_compliance,85.0,9.0,61.0,48.0,2,48,,,,,0,0,1,0,0,0,0,0,0,0,0,0,1,0,0,0,0,0,0,0,0,0,0,0,0,0,0,3
,,,,,,,,,,,,,,,,,,,,,,,,,,,,,,,,,,,,,,,,
gemini-1.5-pro-2024-06-26-1108,collectedBy,name_compliance,77.0,,14.0,,51,,,,,,0,0,50,0,0,0,0,0,0,0,0,0,0,0,0,0,0,0,0,0,1,0,0,0,0,0,0,52
post_gemini-1.5-pro-2024-06-26-1108,collectedBy,name_compliance,85.0,8.0,64.0,50.0,1,50,,,,,0,0,1,0,0,0,0,0,0,0,0,0,0,0,0,0,0,0,0,0,0,0,0,0,0,0,0,1
,,,,,,,,,,,,,,,,,,,,,,,,,,,,,,,,,,,,,,,,
claude-3.5-sonnet-2024-06-21-1043,collectedBy,name_compliance,86.0,,67.0,,8,,,,,,0,0,8,0,0,0,0,0,0,0,0,0,0,0,0,0,0,0,0,0,0,0,0,0,0,0,0,8
post_claude-3.5-sonnet-2024-06-21-1043,collectedBy,name_compliance,87.0,1.0,74.0,7.0,1,7,,,,,0,0,1,0,0,0,0,0,0,0,0,0,0,0,0,0,0,0,0,0,0,0,0,0,0,0,0,1
,,,,,,,,,,,,,,,,,,,,,,,,,,,,,,,,,,,,,,,,
claude-3.5-sonnet-2024-06-26-1050,collectedBy,name_compliance,85.0,,65.0,,9,,,,,,0,0,9,0,0,0,0,0,0,0,0,0,0,0,0,0,0,0,0,0,0,0,0,0,0,0,0,9
post_claude-3.5-sonnet-2024-06-26-1050,collectedBy,name_compliance,86.0,1.0,73.0,8.0,1,8,,,,,0,0,1,0,0,0,0,0,0,0,0,0,0,0,0,0,0,0,0,0,0,0,0,0,0,0,0,1
,,,,,,,,,,,,,,,,,,,,,,,,,,,,,,,,,,,,,,,,
,,,,,,,,,,,,,,,,,,,,,,,,,,,,,,,,,,,,,,,,
,,,,,,,,,,,,,,,,,,,,,,,,,,,,,,,,,,,,,,,,
gpt-4-2024-05-30-1139,identifiedBy,name_compliance,70.9,,48.1,,2,,,,,,0,0,0,2,0,0,0,0,0,0,0,0,0,0,0,0,0,0,0,0,0,0,0,0,0,0,0,2
post_gpt-4-2024-05-30-1139,identifiedBy,name_compliance,70.9,0.0,50.6,2.5,0,2,,,,,0,0,0,0,0,0,0,0,0,0,0,0,0,0,0,0,0,0,0,0,0,0,0,0,0,0,0,0
,,,,,,,,,,,,,,,,,,,,,,,,,,,,,,,,,,,,,,,,
gpt-4-2024-05-30-1025,identifiedBy,name_compliance,72.0,,57.3,,0,,,,,,0,0,0,0,0,0,0,0,0,0,0,0,0,0,0,0,0,0,0,0,0,0,0,0,0,0,0,0
post_gpt-4-2024-05-30-1025,identifiedBy,name_compliance,72.0,0.0,57.3,0.0,0,,,,,,0,0,0,0,0,0,0,0,0,0,0,0,0,0,0,0,0,0,0,0,0,0,0,0,0,0,0,0
,,,,,,,,,,,,,,,,,,,,,,,,,,,,,,,,,,,,,,,,
gpt-4o-2024-06-11-1050,identifiedBy,name_compliance,79.7,,60.8,,0,,,,,,0,0,0,0,0,0,0,0,0,0,0,0,0,0,0,0,0,0,0,0,0,0,0,0,0,0,0,0
post_gpt-4o-2024-06-11-1050,identifiedBy,name_compliance,79.7,0.0,60.8,0.0,0,,,,,,0,0,0,0,0,0,0,0,0,0,0,0,0,0,0,0,0,0,0,0,0,0,0,0,0,0,0,0
,,,,,,,,,,,,,,,,,,,,,,,,,,,,,,,,,,,,,,,,
gpt-4o-2024-06-11-1110,identifiedBy,name_compliance,82.1,,64.1,,0,,,,,,0,0,0,0,0,0,0,0,0,0,0,0,0,0,0,0,0,0,0,0,0,0,0,0,0,0,0,0
post_gpt-4o-2024-06-11-1110,identifiedBy,name_compliance,82.1,0.0,64.1,0.0,0,,,,,,0,0,0,0,0,0,0,0,0,0,0,0,0,0,0,0,0,0,0,0,0,0,0,0,0,0,0,0
,,,,,,,,,,,,,,,,,,,,,,,,,,,,,,,,,,,,,,,,
claude-3-opus-2024-06-12-1404,identifiedBy,name_compliance,53.7,,34.1,,5,,,,,,1,0,0,3,0,0,0,0,0,0,0,0,0,0,1,0,0,0,0,0,0,0,0,0,0,0,0,6
post_claude-3-opus-2024-06-12-1404,identifiedBy,name_compliance,54.9,1.1999999999999957,40.2,6.100000000000001,0,5,,,,,0,0,0,0,0,0,0,0,0,0,0,0,0,0,0,0,0,0,0,0,0,0,0,0,0,0,0,0
,,,,,,,,,,,,,,,,,,,,,,,,,,,,,,,,,,,,,,,,
claude-3-opus-2024-06-12-1440,identifiedBy,name_compliance,54.3,,35.8,,5,,,,,,1,0,0,3,0,0,0,0,0,0,0,0,0,0,1,0,0,0,0,0,0,0,0,0,0,0,0,6
post_claude-3-opus-2024-06-12-1440,identifiedBy,name_compliance,55.6,1.3000000000000043,42.0,6.200000000000003,0,5,,,,,0,0,0,0,0,0,0,0,0,0,0,0,0,0,0,0,0,0,0,0,0,0,0,0,0,0,0,0
,,,,,,,,,,,,,,,,,,,,,,,,,,,,,,,,,,,,,,,,
gemini-1.5-pro-2024-06-20-0153,identifiedBy,name_compliance,57.5,,6.2,,24,,,,,,0,0,23,1,0,0,0,0,0,0,0,0,0,0,0,0,0,0,0,0,0,0,0,0,0,0,0,24
post_gemini-1.5-pro-2024-06-20-0153,identifiedBy,name_compliance,62.5,5.0,36.2,30.000000000000004,0,24,,,,,0,0,0,0,0,0,0,0,0,0,0,0,0,0,0,0,0,0,0,0,0,0,0,0,0,0,0,0
,,,,,,,,,,,,,,,,,,,,,,,,,,,,,,,,,,,,,,,,
gemini-1.5-pro-2024-06-26-1108,identifiedBy,name_compliance,59.3,,9.9,,24,,,,,,0,0,24,0,0,0,0,0,0,0,0,0,0,0,0,0,0,0,0,0,0,0,0,0,0,0,0,24
post_gemini-1.5-pro-2024-06-26-1108,identifiedBy,name_compliance,64.2,4.900000000000006,39.5,29.6,0,24,,,,,0,0,0,0,0,0,0,0,0,0,0,0,0,0,0,0,0,0,0,0,0,0,0,0,0,0,0,0
,,,,,,,,,,,,,,,,,,,,,,,,,,,,,,,,,,,,,,,,
claude-3.5-sonnet-2024-06-21-1043,identifiedBy,name_compliance,60.3,,35.9,,6,,,,,,0,0,4,2,0,0,0,0,0,0,0,0,0,0,0,0,0,0,0,0,0,0,0,0,0,0,0,6
post_claude-3.5-sonnet-2024-06-21-1043,identifiedBy,name_compliance,61.5,1.2000000000000028,43.6,7.700000000000003,0,6,,,,,0,0,0,0,0,0,0,0,0,0,0,0,0,0,0,0,0,0,0,0,0,0,0,0,0,0,0,0
,,,,,,,,,,,,,,,,,,,,,,,,,,,,,,,,,,,,,,,,
claude-3.5-sonnet-2024-06-26-1050,identifiedBy,name_compliance,59.0,,35.9,,5,,,,,,0,0,4,1,0,0,0,0,0,0,0,0,0,0,0,0,0,0,0,0,0,0,0,0,0,0,0,5
post_claude-3.5-sonnet-2024-06-26-1050,identifiedBy,name_compliance,60.3,1.2999999999999972,42.3,6.399999999999999,0,5,,,,,0,0,0,0,0,0,0,0,0,0,0,0,0,0,0,0,0,0,0,0,0,0,0,0,0,0,0,0
,,,,,,,,,,,,,,,,,,,,,,,,,,,,,,,,,,,,,,,,
,,,,,,,,,,,,,,,,,,,,,,,,,,,,,,,,,,,,,,,,
,,,,,,,,,,,,,,,,,,,,,,,,,,,,,,,,,,,,,,,,
gpt-4-2024-05-30-1139,locality,remove_additional_comments,51.0,,8.0,,4,,,,,,0,0,0,0,0,0,0,2,0,1,0,1,0,0,0,0,0,0,0,0,0,0,0,0,0,0,0,6
post_gpt-4-2024-05-30-1139,locality,remove_additional_comments,51.0,0.0,8.0,0.0,4,0,,,,,0,0,0,0,0,0,0,2,0,1,0,1,0,0,0,0,0,0,0,0,0,0,0,0,0,0,0,6
,,,,,,,,,,,,,,,,,,,,,,,,,,,,,,,,,,,,,,,,
gpt-4-2024-05-30-1025,locality,remove_additional_comments,60.0,,22.0,,4,,,,,,0,0,0,0,0,0,0,2,0,1,0,0,1,0,0,0,0,0,0,0,0,0,0,0,0,0,0,6
post_gpt-4-2024-05-30-1025,locality,remove_additional_comments,60.0,0.0,22.0,0.0,4,0,,,,,0,0,0,0,0,0,0,2,0,1,0,0,1,0,0,0,0,0,0,0,0,0,0,0,0,0,0,6
,,,,,,,,,,,,,,,,,,,,,,,,,,,,,,,,,,,,,,,,
gpt-4o-2024-06-11-1050,locality,remove_additional_comments,61.0,,9.0,,11,,,,,,0,0,0,0,0,0,0,2,1,8,0,0,0,0,0,0,0,0,0,0,0,0,0,0,0,0,0,21
post_gpt-4o-2024-06-11-1050,locality,remove_additional_comments,61.0,0.0,9.0,0.0,11,0,,,,,0,0,0,0,0,0,0,2,1,8,0,0,0,0,0,0,0,0,0,0,0,0,0,0,0,0,0,21
,,,,,,,,,,,,,,,,,,,,,,,,,,,,,,,,,,,,,,,,
gpt-4o-2024-06-11-1110,locality,remove_additional_comments,62.0,,12.0,,11,,,,,,0,0,0,0,0,0,0,2,0,8,0,0,0,0,0,1,0,0,0,0,0,0,0,0,0,0,0,21
post_gpt-4o-2024-06-11-1110,locality,remove_additional_comments,62.0,0.0,12.0,0.0,11,0,,,,,0,0,0,0,0,0,0,2,0,8,0,0,0,0,0,1,0,0,0,0,0,0,0,0,0,0,0,21
,,,,,,,,,,,,,,,,,,,,,,,,,,,,,,,,,,,,,,,,
claude-3-opus-2024-06-12-1404,locality,remove_additional_comments,29.0,,5.0,,3,,,,,,0,0,0,0,0,0,0,1,0,0,0,0,0,0,0,0,2,0,0,0,0,0,0,0,0,0,0,3
post_claude-3-opus-2024-06-12-1404,locality,remove_additional_comments,32.0,3.0,7.0,2.0,1,2,,,,,0,0,0,0,0,0,0,1,0,0,0,0,0,0,0,0,0,0,0,0,0,0,0,0,0,0,0,1
,,,,,,,,,,,,,,,,,,,,,,,,,,,,,,,,,,,,,,,,
claude-3-opus-2024-06-12-1440,locality,remove_additional_comments,30.0,,6.0,,2,,,,,,0,0,0,0,0,0,0,1,0,0,0,0,0,0,0,0,1,0,0,0,0,0,0,0,0,0,0,2
post_claude-3-opus-2024-06-12-1440,locality,remove_additional_comments,32.0,2.0,7.0,1.0,1,1,,,,,0,0,0,0,0,0,0,1,0,0,0,0,0,0,0,0,0,0,0,0,0,0,0,0,0,0,0,1
,,,,,,,,,,,,,,,,,,,,,,,,,,,,,,,,,,,,,,,,
gemini-1.5-pro-2024-06-20-0153,locality,remove_additional_comments,44.0,,8.0,,2,,,,,,0,0,0,0,0,0,0,1,0,1,0,0,0,0,0,0,0,0,0,0,0,0,0,0,0,0,0,3
post_gemini-1.5-pro-2024-06-20-0153,locality,remove_additional_comments,46.0,2.0,8.0,0.0,2,0,,,,,0,0,0,0,0,0,0,1,0,1,0,0,0,0,0,0,0,0,0,0,0,0,0,0,0,0,0,3
,,,,,,,,,,,,,,,,,,,,,,,,,,,,,,,,,,,,,,,,
gemini-1.5-pro-2024-06-26-1108,locality,remove_additional_comments,47.0,,9.0,,3,,,,,,0,0,0,0,0,0,0,1,0,1,0,0,0,0,0,0,0,0,0,0,0,0,0,0,1,0,0,5
post_gemini-1.5-pro-2024-06-26-1108,locality,remove_additional_comments,48.0,1.0,9.0,0.0,3,0,,,,,0,0,0,0,0,0,0,1,0,1,0,0,0,0,0,0,0,0,0,0,0,0,1,0,0,0,0,4
,,,,,,,,,,,,,,,,,,,,,,,,,,,,,,,,,,,,,,,,
claude-3.5-sonnet-2024-06-21-1043,locality,remove_additional_comments,41.0,,0.0,,18,,,,,,0,0,0,0,0,0,0,1,0,1,0,0,0,0,0,0,13,0,0,0,0,0,0,0,0,1,2,24
post_claude-3.5-sonnet-2024-06-21-1043,locality,remove_additional_comments,56.0,15.0,13.0,13.0,5,13,,,,,0,0,0,0,0,0,0,2,0,3,0,0,0,0,0,0,0,0,0,0,0,0,0,0,0,0,0,8
,,,,,,,,,,,,,,,,,,,,,,,,,,,,,,,,,,,,,,,,
claude-3.5-sonnet-2024-06-26-1050,locality,remove_additional_comments,41.0,,0.0,,17,,,,,,0,0,0,0,0,0,0,1,0,1,0,0,0,0,0,0,12,0,0,0,0,0,0,0,0,1,2,23
post_claude-3.5-sonnet-2024-06-26-1050,locality,remove_additional_comments,56.0,15.0,12.0,12.0,5,12,,,,,0,0,0,0,0,0,0,2,0,3,0,0,0,0,0,0,0,0,0,0,0,0,0,0,0,0,0,8
,,,,,,,,,,,,,,,,,,,,,,,,,,,,,,,,,,,,,,,,
,,,,,,,,,,,,,,,,,,,,,,,,,,,,,,,,,,,,,,,,
,,,,,,,,,,,,,,,,,,,,,,,,,,,,,,,,,,,,,,,,
gpt-4-2024-05-30-1139,secondaryCollectors,name_compliance,44.8,,17.2,,0,,,,,,0,0,0,0,0,0,0,0,0,0,0,0,0,0,0,0,0,0,0,0,0,0,0,0,0,0,0,0
post_gpt-4-2024-05-30-1139,secondaryCollectors,name_compliance,44.8,0.0,17.2,0.0,0,,,,,,0,0,0,0,0,0,0,0,0,0,0,0,0,0,0,0,0,0,0,0,0,0,0,0,0,0,0,0
,,,,,,,,,,,,,,,,,,,,,,,,,,,,,,,,,,,,,,,,
gpt-4-2024-05-30-1025,secondaryCollectors,name_compliance,65.5,,41.4,,3,,,,,,0,0,0,0,0,0,0,0,0,3,0,0,0,0,0,0,0,0,0,0,0,0,0,0,0,0,0,6
post_gpt-4-2024-05-30-1025,secondaryCollectors,name_compliance,65.5,0.0,41.4,0.0,3,0,,,,,0,0,0,0,0,0,0,0,0,3,0,0,0,0,0,0,0,0,0,0,0,0,0,0,0,0,0,6
,,,,,,,,,,,,,,,,,,,,,,,,,,,,,,,,,,,,,,,,
gpt-4o-2024-06-11-1050,secondaryCollectors,name_compliance,67.9,,39.3,,0,,,,,,0,0,0,0,0,0,0,0,0,0,0,0,0,0,0,0,0,0,0,0,0,0,0,0,0,0,0,0
post_gpt-4o-2024-06-11-1050,secondaryCollectors,name_compliance,67.9,0.0,39.3,0.0,0,,,,,,0,0,0,0,0,0,0,0,0,0,0,0,0,0,0,0,0,0,0,0,0,0,0,0,0,0,0,0
,,,,,,,,,,,,,,,,,,,,,,,,,,,,,,,,,,,,,,,,
gpt-4o-2024-06-11-1110,secondaryCollectors,name_compliance,67.9,,39.3,,0,,,,,,0,0,0,0,0,0,0,0,0,0,0,0,0,0,0,0,0,0,0,0,0,0,0,0,0,0,0,0
post_gpt-4o-2024-06-11-1110,secondaryCollectors,name_compliance,67.9,0.0,39.3,0.0,0,,,,,,0,0,0,0,0,0,0,0,0,0,0,0,0,0,0,0,0,0,0,0,0,0,0,0,0,0,0,0
,,,,,,,,,,,,,,,,,,,,,,,,,,,,,,,,,,,,,,,,
claude-3-opus-2024-06-12-1404,secondaryCollectors,name_compliance,27.6,,24.1,,0,,,,,,0,0,0,0,0,0,0,0,0,0,0,0,0,0,0,0,0,0,0,0,0,0,0,0,0,0,0,0
post_claude-3-opus-2024-06-12-1404,secondaryCollectors,name_compliance,27.6,0.0,24.1,0.0,0,,,,,,0,0,0,0,0,0,0,0,0,0,0,0,0,0,0,0,0,0,0,0,0,0,0,0,0,0,0,0
,,,,,,,,,,,,,,,,,,,,,,,,,,,,,,,,,,,,,,,,
claude-3-opus-2024-06-12-1440,secondaryCollectors,name_compliance,27.6,,24.1,,0,,,,,,0,0,0,0,0,0,0,0,0,0,0,0,0,0,0,0,0,0,0,0,0,0,0,0,0,0,0,0
post_claude-3-opus-2024-06-12-1440,secondaryCollectors,name_compliance,27.6,0.0,24.1,0.0,0,,,,,,0,0,0,0,0,0,0,0,0,0,0,0,0,0,0,0,0,0,0,0,0,0,0,0,0,0,0,0
,,,,,,,,,,,,,,,,,,,,,,,,,,,,,,,,,,,,,,,,
gemini-1.5-pro-2024-06-20-0153,secondaryCollectors,name_compliance,52.9,,8.8,,6,,,,,,0,0,6,0,0,0,0,0,0,0,0,0,0,0,0,0,0,0,0,0,0,0,0,0,0,0,0,6
post_gemini-1.5-pro-2024-06-20-0153,secondaryCollectors,name_compliance,55.9,3.0,26.5,17.7,0,6,,,,,0,0,0,0,0,0,0,0,0,0,0,0,0,0,0,0,0,0,0,0,0,0,0,0,0,0,0,0
,,,,,,,,,,,,,,,,,,,,,,,,,,,,,,,,,,,,,,,,
gemini-1.5-pro-2024-06-26-1108,secondaryCollectors,name_compliance,54.5,,9.1,,7,,,,,,0,0,7,0,0,0,0,0,0,0,0,0,0,0,0,0,0,0,0,0,0,0,0,0,0,0,0,7
post_gemini-1.5-pro-2024-06-26-1108,secondaryCollectors,name_compliance,57.6,3.1000000000000014,30.3,21.200000000000003,0,7,,,,,0,0,0,0,0,0,0,0,0,0,0,0,0,0,0,0,0,0,0,0,0,0,0,0,0,0,0,0
,,,,,,,,,,,,,,,,,,,,,,,,,,,,,,,,,,,,,,,,
claude-3.5-sonnet-2024-06-21-1043,secondaryCollectors,name_compliance,67.9,,35.7,,0,,,,,,0,0,0,0,0,0,0,0,0,0,0,0,0,0,0,0,0,0,0,0,0,0,0,0,0,0,0,0
post_claude-3.5-sonnet-2024-06-21-1043,secondaryCollectors,name_compliance,67.9,0.0,35.7,0.0,0,,,,,,0,0,0,0,0,0,0,0,0,0,0,0,0,0,0,0,0,0,0,0,0,0,0,0,0,0,0,0
,,,,,,,,,,,,,,,,,,,,,,,,,,,,,,,,,,,,,,,,
claude-3.5-sonnet-2024-06-26-1050,secondaryCollectors,name_compliance,67.9,,35.7,,1,,,,,,0,0,1,0,0,0,0,0,0,0,0,0,0,0,0,0,0,0,0,0,0,0,0,0,0,0,0,1
post_claude-3.5-sonnet-2024-06-26-1050,secondaryCollectors,name_compliance,67.9,0.0,39.3,3.5999999999999943,0,1,,,,,0,0,0,0,0,0,0,0,0,0,0,0,0,0,0,0,0,0,0,0,0,0,0,0,0,0,0,0
,,,,,,,,,,,,,,,,,,,,,,,,,,,,,,,,,,,,,,,,
,,,,,,,,,,,,,,,,,,,,,,,,,,,,,,,,,,,,,,,,
,,,,,,,,,,,,,,,,,,,,,,,,,,,,,,,,,,,,,,,,
gpt-4-2024-05-30-1139,verbatimCollectors,remove_name_identifiers,80.0,,48.0,,8,,,,,,2,0,0,2,1,0,0,0,2,1,0,0,0,0,0,0,0,0,0,0,0,0,0,0,0,0,0,15
post_gpt-4-2024-05-30-1139,verbatimCollectors,remove_name_identifiers,81.0,1.0,50.0,2.0,6,2,,,,,0,0,0,2,1,0,0,0,2,1,0,0,0,0,0,0,0,0,0,0,0,0,0,0,0,0,0,13
,,,,,,,,,,,,,,,,,,,,,,,,,,,,,,,,,,,,,,,,
gpt-4-2024-05-30-1025,verbatimCollectors,remove_name_identifiers,89.0,,67.0,,8,,,,,,3,0,1,2,0,0,0,0,0,1,0,0,0,1,0,0,0,0,0,0,0,0,0,0,0,0,0,10
post_gpt-4-2024-05-30-1025,verbatimCollectors,remove_name_identifiers,90.0,1.0,69.0,2.0,6,2,,,,,1,0,1,2,0,0,0,0,0,1,0,0,0,1,0,0,0,0,0,0,0,0,0,0,0,0,0,8
,,,,,,,,,,,,,,,,,,,,,,,,,,,,,,,,,,,,,,,,
gpt-4o-2024-06-11-1050,verbatimCollectors,remove_name_identifiers,79.0,,45.0,,20,,,,,,15,0,0,1,0,0,0,1,0,1,0,0,0,0,2,0,0,0,0,0,0,0,0,0,0,0,0,23
post_gpt-4o-2024-06-11-1050,verbatimCollectors,remove_name_identifiers,87.0,8.0,59.0,14.0,6,14,,,,,1,0,0,3,0,0,0,1,0,1,0,0,0,0,0,0,0,0,0,0,0,0,0,0,0,0,0,7
,,,,,,,,,,,,,,,,,,,,,,,,,,,,,,,,,,,,,,,,
gpt-4o-2024-06-11-1110,verbatimCollectors,remove_name_identifiers,77.0,,42.0,,20,,,,,,14,0,0,2,0,0,0,1,0,1,0,0,0,0,2,0,0,0,0,0,0,0,0,0,0,0,0,23
post_gpt-4o-2024-06-11-1110,verbatimCollectors,remove_name_identifiers,84.0,7.0,55.0,13.0,7,13,,,,,1,0,0,4,0,0,0,1,0,1,0,0,0,0,0,0,0,0,0,0,0,0,0,0,0,0,0,8
,,,,,,,,,,,,,,,,,,,,,,,,,,,,,,,,,,,,,,,,
claude-3-opus-2024-06-12-1404,verbatimCollectors,remove_name_identifiers,33.0,,8.0,,4,,,,,,3,0,0,0,0,0,0,0,0,0,0,0,0,0,0,0,0,0,1,0,0,0,0,0,0,0,0,7
post_claude-3-opus-2024-06-12-1404,verbatimCollectors,remove_name_identifiers,36.0,3.0,11.0,3.0,1,3,,,,,0,0,0,0,1,0,0,0,0,0,0,0,0,0,0,0,0,0,0,0,0,0,0,0,0,0,0,3
,,,,,,,,,,,,,,,,,,,,,,,,,,,,,,,,,,,,,,,,
claude-3-opus-2024-06-12-1440,verbatimCollectors,remove_name_identifiers,33.0,,7.0,,4,,,,,,3,0,0,0,0,0,0,0,0,0,0,0,0,0,0,0,0,0,1,0,0,0,0,0,0,0,0,7
post_claude-3-opus-2024-06-12-1440,verbatimCollectors,remove_name_identifiers,35.0,2.0,10.0,3.0,1,3,,,,,0,0,0,0,1,0,0,0,0,0,0,0,0,0,0,0,0,0,0,0,0,0,0,0,0,0,0,3
,,,,,,,,,,,,,,,,,,,,,,,,,,,,,,,,,,,,,,,,
gemini-1.5-pro-2024-06-20-0153,verbatimCollectors,remove_name_identifiers,65.0,,24.0,,25,,,,,,10,4,4,2,0,0,0,1,0,0,0,0,0,0,0,0,0,0,0,0,1,1,2,0,0,0,0,31
post_gemini-1.5-pro-2024-06-20-0153,verbatimCollectors,remove_name_identifiers,72.0,7.0,33.0,9.0,16,9,,,,,2,0,8,1,0,0,0,1,0,0,0,0,0,0,0,0,0,0,0,0,1,0,3,0,0,0,0,17
,,,,,,,,,,,,,,,,,,,,,,,,,,,,,,,,,,,,,,,,
gemini-1.5-pro-2024-06-26-1108,verbatimCollectors,remove_name_identifiers,65.0,,22.0,,25,,,,,,12,2,5,2,0,0,0,1,0,0,0,0,0,0,0,0,0,0,0,0,0,0,3,0,0,0,0,27
post_gemini-1.5-pro-2024-06-26-1108,verbatimCollectors,remove_name_identifiers,72.0,7.0,33.0,11.0,14,11,,,,,3,0,7,0,0,0,0,1,0,0,0,0,0,0,0,0,0,0,0,0,0,0,3,0,0,0,0,14
,,,,,,,,,,,,,,,,,,,,,,,,,,,,,,,,,,,,,,,,
claude-3.5-sonnet-2024-06-21-1043,verbatimCollectors,remove_name_identifiers,54.0,,10.0,,18,,,,,,1,5,10,0,0,0,0,1,0,1,0,0,0,0,0,0,0,0,0,0,0,0,0,0,0,0,0,24
post_claude-3.5-sonnet-2024-06-21-1043,verbatimCollectors,remove_name_identifiers,57.0,3.0,11.0,1.0,17,1,,,,,0,0,15,0,0,0,0,1,0,1,0,0,0,0,0,0,0,0,0,0,0,0,0,0,0,0,0,18
,,,,,,,,,,,,,,,,,,,,,,,,,,,,,,,,,,,,,,,,
claude-3.5-sonnet-2024-06-26-1050,verbatimCollectors,remove_name_identifiers,54.0,,10.0,,18,,,,,,1,5,10,0,0,0,0,1,0,1,0,0,0,0,0,0,0,0,0,0,0,0,0,0,0,0,0,24
post_claude-3.5-sonnet-2024-06-26-1050,verbatimCollectors,remove_name_identifiers,57.0,3.0,11.0,1.0,17,1,,,,,0,0,15,0,0,0,0,1,0,1,0,0,0,0,0,0,0,0,0,0,0,0,0,0,0,0,0,18
,,,,,,,,,,,,,,,,,,,,,,,,,,,,,,,,,,,,,,,,
,,,,,,,,,,,,,,,,,,,,,,,,,,,,,,,,,,,,,,,,
,,,,,,,,,,,,,,,,,,,,,,,,,,,,,,,,,,,,,,,,
gpt-4-2024-05-30-1139,verbatimElevation,remove_altitude_identifiers,69.8,,16.3,,44,,,,,,5,13,20,1,0,2,2,0,0,0,1,0,0,0,0,0,0,0,0,0,0,0,0,0,0,0,0,60
post_gpt-4-2024-05-30-1139,verbatimElevation,remove_altitude_identifiers,77.9,8.100000000000009,19.8,3.5,43,1,,,,,2,1,34,1,0,2,2,0,0,0,1,0,0,0,0,0,0,0,0,0,0,0,0,0,0,0,0,47
,,,,,,,,,,,,,,,,,,,,,,,,,,,,,,,,,,,,,,,,
gpt-4-2024-05-30-1025,verbatimElevation,remove_altitude_identifiers,71.3,,12.6,,59,,,,,,10,13,30,1,0,1,4,0,0,0,0,0,0,0,0,0,0,0,0,0,0,0,0,0,0,0,0,76
post_gpt-4-2024-05-30-1025,verbatimElevation,remove_altitude_identifiers,81.6,10.299999999999997,24.1,11.500000000000002,52,7,,,,,1,1,44,1,0,1,4,0,0,0,0,0,0,0,0,0,0,0,0,0,0,0,0,0,0,0,0,57
,,,,,,,,,,,,,,,,,,,,,,,,,,,,,,,,,,,,,,,,
gpt-4o-2024-06-11-1050,verbatimElevation,remove_altitude_identifiers,76.7,,38.4,,33,,,,,,8,9,10,1,0,3,0,0,0,0,2,0,0,0,0,0,0,0,0,0,0,0,0,0,0,0,0,44
post_gpt-4o-2024-06-11-1050,verbatimElevation,remove_altitude_identifiers,84.9,8.200000000000003,45.3,6.899999999999999,30,3,,,,,2,0,22,1,0,3,0,0,0,0,2,0,0,0,0,0,0,0,0,0,0,0,0,0,0,0,0,32
,,,,,,,,,,,,,,,,,,,,,,,,,,,,,,,,,,,,,,,,
gpt-4o-2024-06-11-1110,verbatimElevation,remove_altitude_identifiers,75.6,,33.7,,34,,,,,,8,8,12,1,0,3,0,0,0,0,2,0,0,0,0,0,0,0,0,0,0,0,0,0,0,0,0,44
post_gpt-4o-2024-06-11-1110,verbatimElevation,remove_altitude_identifiers,83.7,8.100000000000009,40.7,7.0,31,3,,,,,2,0,23,1,0,3,0,0,0,0,2,0,0,0,0,0,0,0,0,0,0,0,0,0,0,0,0,33
,,,,,,,,,,,,,,,,,,,,,,,,,,,,,,,,,,,,,,,,
claude-3-opus-2024-06-12-1404,verbatimElevation,remove_altitude_identifiers,58.6,,6.9,,39,,,,,,6,8,19,1,0,2,1,0,0,0,0,0,0,0,0,0,0,1,0,1,0,0,0,0,0,0,0,52
post_claude-3-opus-2024-06-12-1404,verbatimElevation,remove_altitude_identifiers,66.7,8.100000000000001,11.5,4.6,36,3,,,,,2,2,26,1,0,2,1,0,0,0,1,0,0,0,0,0,0,0,0,0,1,0,0,0,0,0,0,41
,,,,,,,,,,,,,,,,,,,,,,,,,,,,,,,,,,,,,,,,
claude-3-opus-2024-06-12-1440,verbatimElevation,remove_altitude_identifiers,55.7,,8.0,,35,,,,,,5,9,15,1,0,2,1,0,0,0,0,0,0,0,0,0,0,1,0,1,0,0,0,0,0,0,0,49
post_claude-3-opus-2024-06-12-1440,verbatimElevation,remove_altitude_identifiers,63.6,7.899999999999999,11.4,3.4000000000000004,33,2,,,,,2,2,23,1,0,2,1,0,0,0,1,0,0,0,0,0,0,0,0,0,1,0,0,0,0,0,0,38
,,,,,,,,,,,,,,,,,,,,,,,,,,,,,,,,,,,,,,,,
gemini-1.5-pro-2024-06-20-0153,verbatimElevation,remove_altitude_identifiers,73.6,,31.0,,37,,,,,,13,4,14,0,0,3,1,0,0,0,0,0,0,0,0,0,0,2,0,0,0,0,0,0,0,0,0,46
post_gemini-1.5-pro-2024-06-20-0153,verbatimElevation,remove_altitude_identifiers,82.8,9.200000000000003,43.7,12.700000000000003,28,9,,,,,2,1,19,0,0,3,1,0,0,0,2,0,0,0,0,0,0,0,0,0,0,0,0,0,0,0,0,32
,,,,,,,,,,,,,,,,,,,,,,,,,,,,,,,,,,,,,,,,
gemini-1.5-pro-2024-06-26-1108,verbatimElevation,remove_altitude_identifiers,74.7,,27.6,,41,,,,,,14,3,15,1,0,4,0,0,0,1,0,0,0,0,0,0,0,3,0,0,0,0,0,0,0,0,0,51
post_gemini-1.5-pro-2024-06-26-1108,verbatimElevation,remove_altitude_identifiers,82.8,8.099999999999994,40.2,12.600000000000001,32,9,,,,,3,0,20,1,0,4,0,0,0,1,2,0,0,0,0,0,0,1,0,0,0,0,0,0,0,0,0,37
,,,,,,,,,,,,,,,,,,,,,,,,,,,,,,,,,,,,,,,,
claude-3.5-sonnet-2024-06-21-1043,verbatimElevation,remove_altitude_identifiers,69.0,,20.7,,43,,,,,,12,13,11,2,0,3,0,0,0,0,0,0,0,0,0,0,0,0,0,0,1,0,1,0,0,0,0,57
post_claude-3.5-sonnet-2024-06-21-1043,verbatimElevation,remove_altitude_identifiers,80.5,11.5,33.3,12.599999999999998,33,10,,,,,1,1,24,2,0,3,0,0,0,0,0,0,0,0,0,0,0,0,0,0,1,0,1,0,0,0,0,35
,,,,,,,,,,,,,,,,,,,,,,,,,,,,,,,,,,,,,,,,
claude-3.5-sonnet-2024-06-26-1050,verbatimElevation,remove_altitude_identifiers,69.0,,23.0,,41,,,,,,12,13,9,2,0,3,0,0,0,0,0,0,0,0,0,0,0,0,0,0,1,0,1,0,0,0,0,55
post_claude-3.5-sonnet-2024-06-26-1050,verbatimElevation,remove_altitude_identifiers,81.6,12.599999999999994,35.6,12.600000000000001,31,10,,,,,1,1,22,2,0,3,0,0,0,0,0,0,0,0,0,0,0,0,0,0,1,0,1,0,0,0,0,33
,,,,,,,,,,,,,,,,,,,,,,,,,,,,,,,,,,,,,,,,
,,,,,,,,,,,,,,,,,,,,,,,,,,,,,,,,,,,,,,,,
,,,,,,,,,,,,,,,,,,,,,,,,,,,,,,,,,,,,,,,,
gpt-4-2024-05-30-1139,all 6 fields,all methods,70.0,,35.8,,62,,,,,,7,13,21,7,1,2,2,2,2,2,1,1,1,0,0,0,0,0,0,0,0,0,0,0,0,0,0,88
post_gpt-4-2024-05-30-1139,all 6 fields,all methods,71.7,1.7000000000000028,37.7,1.9000000000000057,55,7,,,,,2,1,35,3,1,2,2,2,2,2,1,1,1,0,0,0,0,0,0,0,0,0,0,0,0,0,0,69
,,,,,,,,,,,,,,,,,,,,,,,,,,,,,,,,,,,,,,,,
gpt-4-2024-05-30-1025,all 6 fields,all methods,76.7,,49.0,,77,,,,,,13,13,32,3,0,1,4,2,0,6,0,0,2,1,0,0,0,0,0,0,0,0,0,0,0,0,0,103
post_gpt-4-2024-05-30-1025,all 6 fields,all methods,78.9,2.200000000000003,51.4,2.3999999999999986,68,9,,,,,2,1,46,3,0,1,4,2,0,6,0,0,2,1,0,0,0,0,0,0,0,0,0,0,0,0,0,82
,,,,,,,,,,,,,,,,,,,,,,,,,,,,,,,,,,,,,,,,
gpt-4o-2024-06-11-1050,all 6 fields,all methods,76.7,,43.6,,66,,,,,,23,9,11,2,0,3,0,3,1,9,2,0,1,0,2,0,0,0,0,0,0,0,0,0,0,0,0,91
post_gpt-4o-2024-06-11-1050,all 6 fields,all methods,79.7,3.0,47.7,4.100000000000001,49,17,,,,,3,0,23,4,0,3,0,3,1,9,2,0,1,0,0,0,0,0,0,0,0,0,0,0,0,0,0,63
,,,,,,,,,,,,,,,,,,,,,,,,,,,,,,,,,,,,,,,,
gpt-4o-2024-06-11-1110,all 6 fields,all methods,76.0,,42.9,,66,,,,,,22,8,13,3,0,3,0,3,0,9,2,0,0,0,2,1,0,0,0,0,0,0,0,0,0,0,0,89
post_gpt-4o-2024-06-11-1110,all 6 fields,all methods,78.9,2.9000000000000057,46.7,3.8000000000000043,50,16,,,,,3,0,24,5,0,3,0,3,0,9,2,0,0,0,0,1,0,0,0,0,0,0,0,0,0,0,0,63
,,,,,,,,,,,,,,,,,,,,,,,,,,,,,,,,,,,,,,,,
claude-3-opus-2024-06-12-1404,all 6 fields,all methods,44.0,,17.1,,52,,,,,,10,8,19,4,0,2,1,1,0,0,0,0,1,0,1,0,2,1,1,1,0,0,0,0,0,0,0,70
post_claude-3-opus-2024-06-12-1404,all 6 fields,all methods,46.8,2.799999999999997,19.9,2.799999999999997,39,13,,,,,2,2,26,1,1,2,1,1,0,0,1,0,1,0,0,0,0,0,0,0,1,0,0,0,0,0,0,47
,,,,,,,,,,,,,,,,,,,,,,,,,,,,,,,,,,,,,,,,
claude-3-opus-2024-06-12-1440,all 6 fields,all methods,43.8,,17.5,,47,,,,,,9,9,15,4,0,2,1,1,0,0,0,0,1,0,1,0,1,1,1,1,0,0,0,0,0,0,0,66
post_claude-3-opus-2024-06-12-1440,all 6 fields,all methods,46.2,2.4000000000000057,19.9,2.3999999999999986,36,11,,,,,2,2,23,1,1,2,1,1,0,0,1,0,1,0,0,0,0,0,0,0,1,0,0,0,0,0,0,44
,,,,,,,,,,,,,,,,,,,,,,,,,,,,,,,,,,,,,,,,
gemini-1.5-pro-2024-06-20-0153,all 6 fields,all methods,62.5,,16.0,,144,,,,,,23,8,95,4,0,3,1,2,0,1,0,0,0,0,0,0,0,2,0,0,1,1,2,1,0,0,0,162
post_gemini-1.5-pro-2024-06-20-0153,all 6 fields,all methods,68.7,6.200000000000003,35.5,19.5,48,96,,,,,4,1,28,1,0,3,1,2,0,1,2,0,1,0,0,0,0,0,0,0,1,0,3,0,0,0,0,55
,,,,,,,,,,,,,,,,,,,,,,,,,,,,,,,,,,,,,,,,
gemini-1.5-pro-2024-06-26-1108,all 6 fields,all methods,63.9,,16.0,,151,,,,,,26,5,101,3,0,4,0,2,0,2,0,0,0,0,0,0,0,3,0,0,1,0,3,0,1,0,0,166
post_gemini-1.5-pro-2024-06-26-1108,all 6 fields,all methods,69.5,5.600000000000001,36.5,20.5,50,101,,,,,6,0,28,1,0,4,0,2,0,2,2,0,0,0,0,0,0,1,0,0,0,0,4,0,0,0,0,56
,,,,,,,,,,,,,,,,,,,,,,,,,,,,,,,,,,,,,,,,
claude-3.5-sonnet-2024-06-21-1043,all 6 fields,all methods,62.3,,27.0,,93,,,,,,13,18,33,4,0,3,0,2,0,2,0,0,0,0,0,0,13,0,0,0,1,0,1,0,0,1,2,119
post_claude-3.5-sonnet-2024-06-21-1043,all 6 fields,all methods,68.4,6.1000000000000085,34.7,7.700000000000003,56,37,,,,,1,1,40,2,0,3,0,3,0,4,0,0,0,0,0,0,0,0,0,0,1,0,1,0,0,0,0,62
,,,,,,,,,,,,,,,,,,,,,,,,,,,,,,,,,,,,,,,,
claude-3.5-sonnet-2024-06-26-1050,all 6 fields,all methods,61.9,,27.0,,91,,,,,,13,18,33,3,0,3,0,2,0,2,0,0,0,0,0,0,12,0,0,0,1,0,1,0,0,1,2,117
post_claude-3.5-sonnet-2024-06-26-1050,all 6 fields,all methods,68.2,6.300000000000004,34.7,7.700000000000003,54,37,,,,,1,1,38,2,0,3,0,3,0,4,0,0,0,0,0,0,0,0,0,0,1,0,1,0,0,0,0,60
,,,,,,,,,,,,,,,,,,,,,,,,,,,,,,,,,,,,,,,,
,,,,,,,,,,,,,,,,,,,,,,,,,,,,,,,,,,,,,,,,
,,,,,,,,,,,,,,,,,,,,,,,,,,,,,,,,,,,,,,,,
