Image,verbatimCollectors,collectedBy,secondaryCollectors,recordNumber,verbatimEventDate,minimumEventDate,maximumEventDate,verbatimIdentification,latestScientificName,identifiedBy,verbatimDateIdentified,associatedTaxa,country,firstPoliticalUnit,secondPoliticalUnit,municipality,verbatimLocality,locality,habitat,verbatimElevation,verbatimCoordinates,otherCatalogNumbers,originalMethod,typeStatus
0000_C0268502F_p.jpg,leg H Fleischer nr B 2754,H. Fleischer,N/A,B 2754,25 4 1903,1903-04-25,N/A,Macromitrium,Macromitrium,N/A,N/A,N/A,Australia,Queensland,N/A,N/A,Eumundi (ca 100 km nordlich Brisbane) Urwald,Eumundi (about 100 kilometers north of Brisbane) [precise locality unknown],Urwald (primeval forest),N/A,N/A,1076713 1044984,Mix of Handwritten and Typed,no type status
0001_C0268508F_p.jpg,leg. W. Fleischer nr. B 2692,W. Fleischer,N/A,B 2692,29.3.1903,1903-03-29,N/A,Macromitrium,Macromitrium,N/A,N/A,N/A,Australia,Queensland,N/A,N/A,"Eumundi (ca. 100 km nördlich Brisbane), Urwald","Eumundi (about 100 kilometers north of Brisbane), [precise locality unknown]",Urwald (primeval forest),N/A,N/A,1076659,Typed,no type status
0002_C0268514F_p.jpg,leg M Fleischer nr B 2952,M. Fleischer,N/A,B 2952,6.4.1903,1903-04-06,N/A,Macromitrium,Macromitrium,N/A,N/A,N/A,Australia,New South Wales,N/A,N/A,"Blue Mountains bei Sydney, Wentworth Falls","Blue Mountains near Sydney, Wentworth Falls [precise locality unknown]",N/A,N/A,N/A,1076821,Typed,no type status
0003_C0268520F_p.jpg,leg M Fleischer nr B 2697,M. Fleischer,N/A,B 2697,20.3.1903,1903-03-20,N/A,Macromitrium,Macromitrium,N/A,N/A,N/A,Australia,Queensland,N/A,Brisbane,bei Brisbane,near Brisbane,N/A,N/A,N/A,1076705 1044145,Mix of Handwritten and Typed,no type status
0004_C0268544F.jpg,T Nakajima,T. Nakajima,N/A,s.n.,"Mar. 27, 1971",1971-03-27,N/A,Macromitrium gymnostomum Sull. et Lesq. c. fr.,Macromitrium gymnostomum,A. Noguchi | Z. Iwatsuki,N/A,N/A,Japan,Wakayama,N/A,Ohara,"On vertical face of rock, 330 m alt., Ohara, Yata, Nishimuro-gun, Wakayama Prefecture","On vertical face of rock, Ohara, Yata [precise locality unknown]",On vertical face of rock,330 m alt.,N/A,1043494,Typed,no type status
0005_C0268545F.jpg,T. Nakajima,T. Nakajima,N/A,s.n.,"May 4, 1958",1958-05-04,N/A,Macromitrium gymnostomum Sull. et Lesq.,Macromitrium gymnostomum,A. Noguchi,N/A,Fagus crenata,Japan,Nara,N/A,N/A,Mt. Ohako; Nara Prefecture,Mount Ohako [precise locality unknown],"On trunks of Fagus crenata, ca. 1200 m. alt.",ca. 1200 m. alt.,N/A,1043492,Typed,no type status
0006_C0268546F.jpg,Coll. & det. T. Nakajima,T. Nakajima,N/A,s.n.,"March 28, 1967",1967-03-28,N/A,Macromitrium gymnostomum Sull. & Lesq.    c. fr.,Macromitrium gymnostomum,T. Nakajima,"March 28, 1967",N/A,Japan,Wakayama,N/A,N/A,"On rocks, ca. 100 m alt., Shirahama-cho, Nishimuro-gun, Wakayama Prefecture","On rocks, approximately 100 meters altitude, Shirahama-cho",On rocks,ca. 100 m alt.,N/A,1043491,Typed,no type status
0007_C0268548F.jpg,leg S Hattori,S. Hattori,N/A,s.n.,1 X 1946,1946-10-01,N/A,Macromitrium gymnostomum Sull. et Lesq.,Macromitrium gymnostomum,A. Noguchi,N/A,N/A,Japan,Miyazaki,N/A,N/A,"KIUSHIU: Miyazaki, Minamimata, Sakatani","Minamimata, Sakatani [precise locality unknown]",ad arborum truncos,ca 500 m,N/A,1235073,Mix of Handwritten and Typed,no type status
0008_C0268549F.jpg,Leg. R.P.J.-B. Faurie,R. P. J.-B. Faurie,N/A,s.n.,20.4.1898,1898-04-20,N/A,Macromitrium gymnostomum S. L.,Macromitrium gymnostomum,Thériot,N/A,N/A,Japan,N/A,N/A,N/A,Iles Liou-Kiou - Centre de l'ile,[precise locality unknown],N/A,N/A,N/A,1000415,Typed,no type status
0009_C0268550F.jpg,R.P. J.B. Ferrié,R. P. J. B. Ferrié,N/A,s.n.,oct.nov.1898,1898-10-00,1898-11-00,Macromitrium gymnostomum S. L. = m. rupestre Mitt. Bull. Card.,Macromitrium gymnostomum,Thériot,N/A,N/A,Japan,N/A,N/A,N/A,Yaku-Sima,Yaku-Sima,N/A,N/A,N/A,1000416,Typed,no type status
0010_C0268554F.jpg,N/A,N/A,N/A,14660,9-3- 1975,1975-03-09,N/A,Macromitrium incurvifolium (Hook. & Grev.) Schwaegr.,Macromitrium incurvifolium,D. H. Vitt,N/A,N/A,Papua New Guinea,Morobe,Lae,N/A,In fork of Plumeria tree in garden,In fork of Plumeria tree in garden,N/A,Alt. c 20 m.,N/A,1142151,Typed,no type status
0011_C0268557F.jpg,A Touw No 18543,A. Touw,N/A,18543,20.5.1975,1975-05-20,N/A,Macromitrium longicaule C. Müll.,Macromitrium longicaule,D. H. Vitt,N/A,N/A,Papua New Guinea,West Sepik,Star Mountains,N/A,Busilmin; wet forest on slope above Ok Din river W of Busilmin; on trees along Ok Din River,Wet forest on slope above Ok Din river west of Busilmin; on trees along Ok Din River,Wet forest on slope; on trees,Alt. c. 1500 - 1550 m.,5°S 141°05'E,1141855,Typed,no type status
0012_C0268558F.jpg,N/A,N/A,N/A,17369,8.5. 1975,1975-05-08,N/A,Macromitrium macrosporum Broth,Macromitrium macrosporum,D. H. Vitt,N/A,N/A,Papua New Guinea,West Sepik,Star Mts,N/A,c 5°S141°05E NE summit of Mt. Capella; on stems and branches of trees and shrubs in summit scrub,NE summit of Mt Capella [precise locality unknown],on stems and branches of trees and shrubs in summit scrub,Alt c 3900 m,c 5°S141°05E,1142194,Typed,no type status
0013_C0268559F.jpg,A. Touw No. 16376,A. Touw,N/A,16376,17.4.1975,1975-04-17,N/A,Macromitrium macrosporum Broth.,Macromitrium macrosporum,D. H. Vitt,N/A,N/A,Papua New Guinea,West Sepik,Star Mts.,N/A,c. 5°S141°05'E Mt. Capella Base Camp; Limestone ridge near camp; c. 4 -5 m. high stunted forest on ridge,Mt. Capella Base Camp; Limestone ridge near camp; high stunted forest on ridge [precise locality unknown],Limestone ridge near camp; high stunted forest on ridge,Alt. c. 3600 m.,c. 5°S141°05'E,1142178,Typed,no type status
0014_C0268560F.jpg,N/A,A. Touw,N/A,17312,Dat. 8.5. 1975,1975-05-08,N/A,Macromitrium macrosporum Broth.,Macromitrium macrosporum,D. H. Vitt,N/A,N/A,Papua New Guinea,West Sepik,Star Mountains,N/A,c. 5°S 141°05'E NE Summit of Mt. Capella. Summit of ridge between Mt. Capella Base Camp and Mt. Capella ridge; on isolated tree,NE Summit of Mt Capella Summit of ridge between Mt Capella Base Camp and Mt Capella ridge on isolated tree [precise locality unknown],N/A,Alt. c. 3650 m.,c. 5°S 141°05'E,1142156,Mix of Handwritten and Typed,no type status
0015_C0268561F.jpg,A Touw No 16420,A Touw,N/A,16420,19.4.1975,1975-04-19,N/A,Macromitrium macrosporum Broth,Macromitrium macrosporum,D H Vitt,N/A,N/A,Papua New Guinea,West Sepik,Star Mountains,N/A,Mt Capella NE summit; forest remnant in deep chasm near the summit on soaking wet bark of trees,Mount Capella northeast summit [precise locality unknown],Forest remnant in deep chasm near the summit on soaking wet bark of trees,Alt c 3300 m,c 5°S 141°05'E,1142175,Typed,no type status
0016_C0268562F.jpg,A. Touw No. 17205,A. Touw,N/A,17205,5.5. 1975,1975-05-05,N/A,Macromitrium macrosporum Broth.,Macromitrium macrosporum,D.H. Vitt,N/A,N/A,Papua New Guinea,West Sepik,Star Mts.,N/A,"Near Mt. Capella Base Camp, along trail to Tamanagabip; open sub-alpine scrub. At base of limestone rock faces.","Near Mt. Capella Base Camp, along trail to Tamanagabip [precise locality unknown]",Open sub-alpine scrub. At base of limestone rock faces.,Alt. c. 3450 m.,c. 5°S 141°05'E,1141880,Typed,no type status
0017_C0268563F.jpg,A Touw No 18046,A. Touw,N/A,18046,14.5.1975,1975-05-14,N/A,Macromitrium megalocladon Fleisch,Macromitrium megalocladon,D. H. Vitt,N/A,N/A,Papua New Guinea,West Sepik District,Star Mts,N/A,c 5°14'05E Upper montane forest between Folongonom and Artis' Camp,Upper montane forest between Folongonom and Artis' Camp,Pendulous from heavy tree branches and slanting trunks,2500 - 2600 m,c 5°14'05E,1142187,Typed,no type status
0018_C0268564F.jpg,A. Touw No. 16555,A. Touw,N/A,16555,21.4.1975,1975-04-21,N/A,Macromitrium megalocladon Fleisch.,Macromitrium megalocladon,D. H. Vitt,N/A,N/A,Papua New Guinea,West Sepik,Star Mountains,N/A,c. 5°(40'S) Small Kuki (grassfield) SW of Mt. Capella Base Camp; on vertical face of moss covered limestone boulder at edge of kuni.,Small Kuki (grassfield) southwest of Mount Capella Base Camp; on vertical face of moss covered limestone boulder at edge of kuni,On vertical face of moss covered limestone boulder at edge of kuni,Alt. c. 3400 m.,c. 5°(40'S),1142432,Typed,no type status
0019_C0268565F.jpg,A Touw No 15768,A Touw,N/A,15768,7.4. 1975,1975-04-07,N/A,Macromitrium megalocladon Fleisch,Macromitrium megalocladon,D H Vitt,N/A,N/A,Papua New Guinea,West Sepik,Star Mts,N/A,Tel Basin; Ridge above Camp 2,Ridge above Camp 2 in Tel Basin,Terrestrial in open shrubbery on ridge Dense moss vegetation covering soil rocks and the lower portion of shrubs Dominant,Alt c 3350 m,c 5°S141°05'E,1142300,Typed,no type status
0020_C0268566F.jpg,leg S Hattori,S. Hattori,N/A,s.n.,'III 1946,1946-03-00,N/A,Macromitrium incurvum (Lindb.) Par,Macromitrium incurvum,A. Noguchi,N/A,N/A,Japan,Kyushu,Miyazaki,N/A,"KIUSHIU: Miyazaki, Minaminiaka, Obi","Minaminiaka, Obi","rupicola, photophila, ca 50 m",ca 50 m,N/A,1235066,Mix of Handwritten and Typed,no type status
0021_C0268569F.jpg,Coll. K. Mayebara,K. Mayebara,N/A,s.n.,"December 25, 1951",1951-12-25,N/A,Macromitrium incurvum (Lindb.) Par.,Macromitrium incurvum,A. Noguchi,N/A,N/A,Japan,Kumamoto,N/A,N/A,"On exposed rocks, 60 m. above sea, Yosiho, Kumamoto Prefecture","On exposed rocks, 60 meters above sea, Yosiho [precise locality unknown]",On exposed rocks,60 m. above sea,N/A,1043529,Typed,no type status
0022_C0268571F.jpg,Coll K Mayebara,K. Mayebara,N/A,s.n.,"February 11, 1952",1952-02-11,N/A,Macromitrium gymnostomum Sull. et Lesq.,Macromitrium gymnostomum,A. Noguchi,N/A,N/A,Japan,Kumamoto,N/A,N/A,"On rocks, ca. 100m. above sea, Koonose, Kumamoto Prefecture","On rocks, approximately 100 meters above sea, Koonose [precise locality unknown]",On rocks,ca. 100m. above sea,N/A,1043490,Typed,no type status
0023_C0268572F.jpg,N/A,K. Mayebara,N/A,s.n.,"March, 1952",1952-03-00,N/A,Macromitrium gymnostomum Sull. et Lesq.,Macromitrium gymnostomum,A. Noguchi,N/A,N/A,Japan,Kumamoto,N/A,N/A,"On rocks, ca. 1000m alt., Hitoyoshi, Kumamoto County","On rocks, approximately 1000 meters altitude, Hitoyoshi [precise locality unknown]",On rocks,ca. 1000m alt.,N/A,4043493,Typed,no type status
0024_C0268574F.jpg,N/A,H. H. Chung,N/A,B.206,s.d.,unsure and check,N/A,Macromitrium gymnostomum S. & L.,Macromitrium gymnostomum,Theriot,N/A,N/A,China,Fukien,N/A,N/A,Kushan near Foochow,Kushan near Foochow [precise locality unknown],On rock,altitude 500 m,N/A,1122334,Typed,no type status
