imageName,verbatimCollectors,collectedBy,secondaryCollectors,recordNumber,verbatimEventDate,minimumEventDate,maximumEventDate,verbatimIdentification,latestScientificName,identifiedBy,verbatimDateIdentified,associatedTaxa,country,firstPoliticalUnit,secondPoliticalUnit,municipality,verbatimLocality,locality,habitat,verbatimElevation,verbatimCoordinates,otherCatalogNumbers,originalMethod,typeStatus
https://fm-digital-assets.fieldmuseum.org/2491/485/C0268502F_p.jpg,leg. M. Fleischer,M. Fleischer,N/A,B 2734,25.3.1903,1903-03-25,N/A,Macromitrium,Macromitrium,M. Fleischer,N/A,N/A,Australia,Queensland,Eumungi,N/A,"(ca. 100 km nördlich Brisbane), Urwald.",[precise locality unknown],N/A,N/A,N/A,1076713|1044084,Typed,no type status
https://fm-digital-assets.fieldmuseum.org/2491/486/C0268508F_p.jpg,leg. M. Fleischer nr. B 2692,M. Fleischer,N/A,1041123,25.3.1903,1903-03-25,N/A,Macromitrium,Macromitrium,N/A,N/A,N/A,Australia,Queensland,N/A,N/A,"(ca. 100 km nördlich Brisbane), Urwald.",[precise locality unknown],N/A,N/A,N/A,1076699,Handwritten,no type status
https://fm-digital-assets.fieldmuseum.org/2491/488/C0268514F_p.jpg,leg. M. Fleischer nr. B 2552,M. Fleischer,N/A,1903,s.d.,N/A,N/A,Macromitrium,Macromitrium,N/A,N/A,N/A,Australia,New South Wales,Blue Mountains,Sydney,Wentworth Falls,"Blue Mountains bei Sydney, Wentworth Falls",N/A,N/A,N/A,N/A,Handwritten,no type status
https://fm-digital-assets.fieldmuseum.org/2491/491/C0268520F_p.jpg,leg. M. Fleischer,M. Fleischer,N/A,B 2697,20.3.1903,1903-03-20,N/A,Macromitrium,Macromitrium,N/A,N/A,N/A,Australia,Queensland,Brisbane,N/A,bei Brisbane,[precise locality unknown],N/A,N/A,N/A,1044116,Typed,no type status
https://fm-digital-assets.fieldmuseum.org/2303/612/C0268544F.jpg,T. Nakaniwa,T. Nakaniwa,N/A,s.n.,s.d.,N/A,N/A,Macromitrium gymnostomum,Macromitrium gymnostomum,T. Nakaniwa,"Mar. 27, 1971",N/A,Japan,Ohara,Yuuya,N/A,"On vertical face of rock, 330 m alt., Suttsu, et Lesq. f. c. fr., Nishimurogan, Wakayama Prefecture","On vertical face of rock, 330 m alt., Suttsu, et Lesq. f. c. fr., Nishimurogan, Wakayama Prefecture",N/A,330 m,N/A,C0288544F,Typed,no type status
https://fm-digital-assets.fieldmuseum.org/2303/613/C0268545F.jpg,A. Noguchi,A. Noguchi,N/A,1043492,"May 4, 1958",1958-05-04,N/A,Macromitrium gymnostomum Sull. et Lesq.,Macromitrium gymnostomum,A. Noguchi,1959,N/A,Japan,Nara Prefecture,N/A,N/A,"On trunks of Fagus crenata, ca. 1200 m. alt., Mt. Oboko, Nara Prefecture","Trunks of Fagus crenata, ca. 1200 m. alt., Mt. Oboko, Nara Prefecture",N/A,ca. 1200 m. alt.,N/A,714,Typed,no type status
https://fm-digital-assets.fieldmuseum.org/2303/614/C0268546F.jpg,,T. Nakajima,A. Noguchi,1043491,"March 28, 1967",1967-03-28,N/A,Macromitriyum gymmostomum Sull. & Lesq.,Macromitrium gymmostomum,A. Noguchi,s.d.,N/A,Japan,Nishimuro-gun,Wakayama Prefecture,N/A,"On rocks, ca. 100 m alt., Svggawa, Shirahama-cho,","On rocks, ca. 100 m alt., Svggawa, Shirahama-cho,",N/A,100 m alt.,N/A,N/A,Typed,No type status
https://fm-digital-assets.fieldmuseum.org/2303/617/C0268548F.jpg,Donald Richards,Donald Richards,N/A,s.n.,s.d.,1946-10-00,N/A,"Macromitrium gymnostomum Sull., et Lesq.",Macromitrium gymnostomum,Musci Japonici,s.d.,N/A,Japan,Kiushu,Miyazaki,"Minaminaka, Sakatani","ad arborum truncos, ca 500 m, leg. S. Hattori","ad arborum truncos, ca 500 m",N/A,ca 500 m,N/A,1285078,Typed,no type status
https://fm-digital-assets.fieldmuseum.org/2303/619/C0268549F.jpg,R.P.J.B. Ferrié,R. P. J. B. Ferrié,N/A,s.n.,20.4.1898,1898-04-20,N/A,Macromitrium gymnostomum S. L.,Macromitrium gymnostomum,Thériot,N/A,N/A,Japan,Ile Liou-Kiou,Centre de l’ile,N/A,N/A,[precise locality unknown],N/A,N/A,N/A,1000415,Handwritten,no type status
https://fm-digital-assets.fieldmuseum.org/2303/621/C0268550F.jpg,R.P.J.B. Ferrié,R. P. Ferrié,N/A,s.n.,oct.nov.1898,1898-10-00,1898-11-00,Macromitrium gymnostomum S. L.,Macromitrium gymnostomum,Thériot,N/A,N/A,Japan,N/A,N/A,N/A,Yaku-Sima,N/A,N/A,N/A,N/A,C028650F,Handwritten,no type status
https://fm-digital-assets.fieldmuseum.org/2303/629/C0268554F.jpg,D.H. Vitt,D.H. Vitt,N/A,1142151,9-3- 1975,1975-09-03,N/A,Macromitrium incurvifolium (Hook. & Grev.) Schwaegr.,Macromitrium incurvifolium,D.H. Vitt,N/A,Plumeria,Papua New Guinea,Morobe,District,Lae,In fork of Plumeria tree in garden.,[precise locality unknown],In fork of Plumeria tree in garden.,20 m.,N/A,A. Town No. 14660,Typed,no type status
https://fm-digital-assets.fieldmuseum.org/2303/633/C0268557F.jpg,"Joint expedition of Rijsherbarium, Leiden, and Div. of Botany, Lae, sponsored by Foundation WOTRO. The Hague.",N/A,N/A,s.n.,20.5.1975,1975-05-20,N/A,Macromitrium longicaule C. Müll.,Macromitrium longicaule,D. H. Vitt,N/A,N/A,Papua New Guinea,West Sepik Distr.,Star Mts.,N/A,Wet forest on slope above Ok Din river W of Busilmin; on trees along Ok Din River.,[precise locality unknown],N/A,1500 - 1550 m.,5°14'S 140°58'E,A. Touw No. 18543,Typed,no type status
https://fm-digital-assets.fieldmuseum.org/2303/635/C0268558F.jpg,"Joint expedition of Rijksherbarium, Leiden, and Div. of Botany, Lae, sponsored by Foundation WOTRO, The Hague.","Rijksherbarium, Leiden, and Div. of Botany, Lae, sponsored by Foundation WOTRO, The Hague.",N/A,1142194,8.5. 1975,1975-05-08,N/A,Macromitrium macrosporium Broth.,Macromitrium macrosporium,D.H. Vitt,N/A,N/A,Papua New Guinea,West Sepik Distr.,N/A,N/A,5°S 141°05′E NE summit of Mt. Capella; on stems and branches of trees and shrubs in summit scrub.,[precise locality unknown],N/A,c. 3900 m.,5°S 141°05′E,A. Town No. 17369,Typed,no type status
https://fm-digital-assets.fieldmuseum.org/2303/637/C0268559F.jpg,Collected by Rijksherbarium Leiden and D. de Botany Lne,A. Touw,J.R. Croft,1142178,17.4.1975,1975-04-17,N/A,Macromitrium macrosporium Broth.,Macromitrium macrosporium,D. Vitt,N/A,N/A,Papua New Guinea,West Sepik District,Star Mountains,N/A,5 11°05'E Mt. Capella Base Camp. Limestone ridge near camp; c. 4-5 m. On trees and shrubs,5 11°05'E Mt. Capella Base Camp. Limestone ridge near camp; c. 4-5 m. On trees and shrubs,Limestone ridge near camp; c. 4-5 m. On trees and shrubs,3600 m.,5 11°05'E,A. Touw No. 16376,Typed,no type status
https://fm-digital-assets.fieldmuseum.org/2303/639/C0268560F.jpg,"Collected by Joint expedition of Rikherbarium, Leiden, and Div. of Botany, Lae, sponsored by Foundation WOTRO, The Hague.",N/A,N/A,1142156,8.5. 1975,1975-05-08,N/A,Macromitrium macrosporum Broth.,Macromitrium macrosporum,D.H. Vitt,N/A,N/A,Papua New Guinea,West Sepik Distr.,Star Mts.,N/A,5°14’01”E NE. Summit of Mt. Capella. Summit of ridge between Mt. Capella Base Camp and Mt. Capella ridge; on isolated tree.,Summit of ridge between Mt. Capella Base Camp and Mt. Capella ridge,N/A,3650 m.,N/A,A. Touw No. 17312,Typed,no type status
https://fm-digital-assets.fieldmuseum.org/2303/641/C0268561F.jpg,,D.H. Vitt,,1142175,19.4.1975,1975-04-19,N/A,Macromitrium macrosporium Broth.,Macromitrium macrosporium,D.H. Vitt,N/A,,Papua New Guinea,West Sepik Distr.,,,Star Mts.,[precise locality unknown],forest remnant in deep chasm near the summit on soaking wet bark of trees.,3900 m.,c.5°S 141°05'E,A. Town No. 16420,Typed,no type status
https://fm-digital-assets.fieldmuseum.org/2303/643/C0268562F.jpg,"Joint expedition of Rijksmuseum, Leiden, and Div. of Botany, Lae, sponsored by Foundation WOTRO, The Hague.",D.H. Vitt,N/A,1141880,5.5.1975,1975-05-05,N/A,Macromitrium macrosporium Broth.,Macromitrium macrosporium,D.H. Vitt,N/A,N/A,Papua New Guinea,West Sepik Distr.,Star Mts.,N/A,Along trail to Tamanagabip; open sub-alpine scrub. At base of limestone rock faces.,[precise locality unknown],Very abundant.,3450 m.,"5°31'05""S",A. Town No. 17205,Typed,no type status
https://fm-digital-assets.fieldmuseum.org/2303/645/C0268563F.jpg,,D.H. Vitt,N/A,1142187,14.5.1975,1975-05-14,N/A,Macromitrium megalocladon Fleisch.,Macromitrium megalocladon,D.H. Vitt,N/A,N/A,Papua New Guinea,West Sepik Distr.,Star Mts.,N/A,Upper montane forest between Folongom and Artis' Camp,[precise locality unknown],Pendulous from heavy tree branches and slanting trunks.,2500 - 2600 m.,S 14°05'E,N/A,Typed,no type status
https://fm-digital-assets.fieldmuseum.org/2303/647/C0268564F.jpg,"Collected by Foundation WOTRO, The Hague.",Foundation WOTRO,The Hague,1142432,21.4.1975,1975-04-21,N/A,Macromitrium megalocladon Fleisch.,Macromitrium megalocladon,D.H. Vitt,N/A,N/A,Papua New Guinea,West Sepik Prov.,Star Mts.,N/A,Small Kuni (grassfield) SW of Mt. Capella Base Camp; on vertical face of moss covered limestone boulder at edge of kuni.,Small Kuni (grassfield) SW of Mt. Capella Base Camp; on vertical face of moss covered limestone boulder at edge of kuni.,N/A,3400 m.,"5°51'05""S 141°02""E",A. Touw No. 16555,Typed,no type status
https://fm-digital-assets.fieldmuseum.org/2303/649/C0268565F.jpg,D.H. Vitt,D. H. Vitt,N/A,1142300,7.4. 1975,1975-04-07,N/A,Macromitrium megalocladon Fleisch.,Macromitrium megalocladon,D. H. Vitt,N/A,N/A,Papua New Guinea,West Sepik Distr.,N/A,N/A,"Star Mts., c. 5'14'S, 140'E, Tel Basin; Ridge above Camp 2, Terrestial in open shrubbery on ridge.",[precise locality unknown],"Dense moss vegetation covering soil, rocks and the lower portion of shrubs.",3350 m.,N/A,A. Touw No. 15768,Typed,no type status
https://fm-digital-assets.fieldmuseum.org/2303/651/C0268566F.jpg,Collected by Donald Richards,D. Richards,N/A,C2285066F,VII. 1946.,1946-07-00,N/A,Macromitrium incurvum (Lindb.) Par.,Macromitrium incurvum,A. Noguchi,1947,N/A,Japan,Miyazaki,Minaminaka,Obi,KUSHUHU,KUSHUHU,"rupicola, photophila, ca 50 m.",ca 50 m.,N/A,1285066,Typed,no type status
https://fm-digital-assets.fieldmuseum.org/2303/658/C0268569F.jpg,Coll. K. Mayebara,K. Mayebara,N/A,N/A,"December 25, 1951",1951-12-25,N/A,Macromitrium incurvum (Lindb.) Par.,Macromitrium incurvum,A. Noguchi,N/A,N/A,Japan,N/A,N/A,N/A,"On exposed rocks, 60 m. above sea, Yoshio, Kumamoto Prefecture","On exposed rocks, 60 m. above sea, Yoshio, Kumamoto Prefecture",N/A,60 m,N/A,1043529,Typed,no type status
https://fm-digital-assets.fieldmuseum.org/2303/661/C0268571F.jpg,Coll. K. Mayebara,K. Mayebara,N/A,s.n.,"February 11, 1952",1952-02-11,N/A,Musci Japonici 430. Macromitrium gymmostomum Sull. et Lesq.,Macromitrium gymmostomum,A. Noguchi,N/A,N/A,Japan,Honshu,Yamanashi,Kounose,"On rocks, ca. 100 m. above sea","On rocks, ca. 100 m. above sea",N/A,ca. 100 m.,N/A,1043490,Typed,no type status
https://fm-digital-assets.fieldmuseum.org/2303/663/C0268572F.jpg,Coll. K. Mayebara,K. Mayebara,N/A,322,March 1952,1952-03-00,N/A,Macromitrium gymmostomum Sull. et Lesq.,Macromitrium gymmostomum,A. Noguchi,N/A,N/A,Japan,Hitoehi,Kumamoto County,N/A,"on rocks, ca. 1000m alt.","on rocks, ca. 1000m alt.",N/A,ca. 1000m alt.,N/A,1043493,Typed,no type status
https://fm-digital-assets.fieldmuseum.org/2303/668/C0268574F.jpg,H. H. CHUNG,H H Chung,,B.206,"August, 1925",1925-08-00,N/A,Macromitrium gymnostomum S. & L.,Macromitrium gymnostomum,H H Chung,,,China,Fukien Province,,,Kushwan near Foochow,[precise locality unknown],"On rock, altitude 500 m., Det. Theriot.",500 m,,1122661,Typed,no type status
https://fm-digital-assets.fieldmuseum.org/2303/669/C0268575F.jpg,H.H. Chung,H. H. Chung,,B.20,"May 2, 1985",1985-05-02,N/A,Macromitrium gymnostomum Sull.,Macromitrium gymnostomum,H. H. Chung,,N/A,China,Fujien,,,On rock in bamboo forest. Theriot,On rock in bamboo forest.,,,,1122721,Handwritten,no type status
https://fm-digital-assets.fieldmuseum.org/2303/676/C0268579F.jpg,Timo Koponen,Timo Koponen,N/A,33590,23 July 1981,1981-07-23,N/A,Macromitrium longicaule C. Mull.,Macromitrium longicaule,Dale H. Vitt,1989,N/A,Guinea,Morobe Prov.,N/A,N/A,Lake Wamba 5 km S of Teptep airstrip.,[precise locality unknown],"Rather open montane forest with dominating Pandanus treg 1 km S of lake, alt. 2400 m.",2400 m,"6°01’S, 146°33’E",1142665,Typed,no type status
https://fm-digital-assets.fieldmuseum.org/2303/680/C0268581F.jpg,H. H. CHUNG,H. H. Chung,N/A,C026651F,"March, 1945",1945-03-00,N/A,Macromitrium japonicum,Macromitrium japonicum,N/A,N/A,N/A,China,Fukien,N/A,N/A,On shady rocks or bark.,[precise locality unknown],N/A,N/A,N/A,1122615,Typed,no type status
https://fm-digital-assets.fieldmuseum.org/2303/687/C0268585F.jpg,Collected by Timo Koponen,Timo Koponen,N/A,3571,9 July 1981,1981-07-09,N/A,Macromitrium macrosporium Broth.,Macromitrium macrosporium,Dale H. Vitt,1989,N/A,Papua New Guinea,Morobe Prov.,N/A,N/A,"Mt. Sarawaket Southern Range 2,5 km S of L. Gwam","Mt. Sarawaket Southern Range 2,5 km S of L. Gwam","Open alpine grassland and ""subalpine"" forest at L. Kenzorgh E of Mt. Enggum, alt. 3550 m, 6°21'S, 147°07'E, on bush",3550 m,"6°21'S, 147°07'E",1142666,Typed,no type status
https://fm-digital-assets.fieldmuseum.org/2303/691/C0268587F.jpg,Coll. M. Mizutani and I. Yoshimura,M. Mizutani,I. Yoshimura,1049048,"Jan. 23,1975.",1975-01-23,N/A,Macromitrium gymmostomum Sull. et Lesq.,Macromitrium gymmostomum,Z. Iwatsuki,28 (1977),N/A,Japan,Honshu,N/A,N/A,On tree trunk.,[precise locality unknown],N/A,1-10 m alt.,N/A,N/A,Typed,no type status
https://fm-digital-assets.fieldmuseum.org/2303/693/C0268588F.jpg,leg. et det. K. Sakurai,K. Sakurai,N/A,1932,s.d.,N/A,N/A,Macromitrium incurvum,Macromitrium incurvum,H. Hornschuch,1936,N/A,Japan,Honshu,Musashi,N/A,"prope fauces d. Kobotoke, ripigola, photophila.",[precise locality unknown],N/A,N/A,N/A,1356480,Typed,no type status
https://fm-digital-assets.fieldmuseum.org/2303/695/C0268589F.jpg,K. SAITO,K. Saito,N/A,s.n.,"April 3, 1970",1970-04-03,N/A,BRYOPHTA SELECTA EXSICCATA 639. Macromitrium gymnostomum Sull. & Lesq. Proc. Am. Ac. Arts. Sci. 4: 278 (1858),Macromitrium gymnostomum,K. Saito,N/A,N/A,Japan,"Sumiyo-mura, Isi. Amami-ohshima, Kagoshima Pref.",N/A,N/A,N/A,on rock; elevation about 120 m.,N/A,120 m.,N/A,1051109,Typed,no type status
https://fm-digital-assets.fieldmuseum.org/2302/601/C0268725F.jpg,leg. S.Miguel,S. Miguel,N/A,133,14.VI.1937,1937-06-14,N/A,Bryophyca azorica V. et P. Allorge,Bryophyca azorica,V. et P. Allorge,N/A,Pogatum urnigerum,Portugal,Illes Acores,N/A,N/A,Salto do Cavalo vers 700 m.,[precise locality unknown],N/A,700 m.,N/A,1181624,Handwritten,no type status
https://fm-digital-assets.fieldmuseum.org/2307/796/C0341037F.jpg,Marko Lewis,M. Lewis,N/A,83–224,20 Jan 1983,1983-01-20,N/A,Philonotis,Philonotis,M. Lewis,N/A,N/A,Bolivia,La Paz,N/A,N/A,"Prov. Larecaia: 'Tacomama 3'. Between 5–6 km S of Tacacoma along road to Quiabaya, 16°17' N of Sorata",Between 5–6 km S of Tacacoma along road to Quiabaya,Super humid Ceja de Montana forests following ravines. In small rill in dripping area of small waterfall.,"1536'S, 68°39'W ca. 3550 m.","15°36'S, 68°39'W",C0341037F,Typed,no type status
https://fm-digital-assets.fieldmuseum.org/2307/797/C0341038F.jpg,Marko Lewis,Marko Lewis,N/A,79-1314,29 March 1979,1979-03-29,N/A,BRYOPHYTA OF BOLIVIA Philonotis fide Crum,Philonotis fide Crum,N/A,29 March 1979,N/A,Bolivia,Depto. La Paz,Prov. Larecaja,N/A,"Along road 1 mi. from Sorata towards Achacachi, 15° S, 68° 42´ W.",Along road 1 mile from Sorata towards Achacachi,N/A,"Eroding bank, 2740 m.","15° S, 68° 42´ W.",1078795,Typed,no type status
https://fm-digital-assets.fieldmuseum.org/2307/798/C0341040F.jpg,"Marko Lewis, no. 79-2315",Marko Lewis,N/A,79-2315,1 June 1979,1979-06-01,N/A,Bryophyrta of Bolivia,Philonotis,N/A,N/A,N/A,Bolivia,Cochabamba,Prov. Chapare,N/A,"Slope of Cerro Khachi, N. of Corani, 3030 m.","Slope of Cerro Khachi, N. of Corani","On stones and banks of seepy creek in cloud forest ravine, with tree ferns",3030 m,"17° 11' S, 65° 54' W.",1046888|1078769,Typed,no type status
https://fm-digital-assets.fieldmuseum.org/2307/803/C0341047F.jpg,Miss W. M. A. Brooke,Miss W. M. A. Brooke,,s.n.,13 Oct. 1950,1950-10-13,N/A,Pilotis,Pilotis,N/A,,,Bolivia,,,,Unduavi,[precise locality unknown],10000 ft.,10000 ft.,,6867,Handwritten,no type status
https://fm-digital-assets.fieldmuseum.org/2307/804/C0341048F.jpg,M. A. Bruk,M. A. Bruk,N/A,6865,13 Oct. 1950,1950-10-13,N/A,Philotris,Philotris,N/A,N/A,N/A,Bolivia,N/A,N/A,N/A,Unduavi,Unduavi,N/A,10000 ft.,N/A,1013012,Typed,no type status
https://fm-digital-assets.fieldmuseum.org/2307/806/C0341051F.jpg,Marko Lewis,M. Lewis,N/A,79-2315,1 June 1979,1979-06-01,N/A,BryophyTa of BOLIVIA,Philonotis,M. Lewis,1 June 1979,N/A,Bolivia,Cochabamba,Chapare,Cerro Khachi,"slope of Cerro Khachi, N. of Corani, 3030 m., 17° 11′ S., 65° 54′ W.","On stones and banks of seepy creek in cloud forest ravine, with tree ferns.",Cloud forest ravine,3030 m,"17° 11′ S., 65° 54′ W.",1050327,Typed,no type status
https://fm-digital-assets.fieldmuseum.org/2307/879/C0341117F.jpg,,P.E. Hegewald,Dana Griffin III,3000,31.8.1973,1973-08-31,N/A,Pholonotis sphaeorocarpa (Hedw.) Brid.,Pholonotis sphaeorocarpa,D.E. Hegewald,N/A,N/A,Peru,Amazonas,Prov. Chachapoyas,Las Palmas zw. Balsas u. Leimembama,Las Palmas zw. Balsas u. Leimembama,Las Palmas zw. Balsas u. Leimembama,"Fels, Erde, Mauer, Baum, Strauch, Holz, See, Bach",3000 m.,N/A,6989,Typed,no type status
https://fm-digital-assets.fieldmuseum.org/2307/513/C0341152F.jpg,"Frank D.Bowers, C3 Ludio Delgado M. & Paul Somers,Jr.",F. Bowers,C. L. Delgado M. | P. Somers Jr.,1045263,25 December 1973,1973-12-25,N/A,Braunia secunda (Hook.) B.S.G.,Braunia secunda,E. De Luna,1992,N/A,Mexico,Baja California Sur,N/A,N/A,"15 miles east of Todos Santos. On boulder, meso, open valley.","15 miles east of Todos Santos. On boulder, meso, open valley.",Oak-pine and grassland with dry and flowing streams at Sierra de Laguna.,Alt. ca. 6300 ft.,N/A,5166,Typed,no type status
https://fm-digital-assets.fieldmuseum.org/2307/538/C0341164F.jpg,"R.M. Sharp, E.O. Clebsch, K.R. Thornburgh",R. M. Sharp,E. O. Clebsch | K. R. Thornburgh,2281,"June 23, 1973",1973-06-23,N/A,Braunia secunda (Hook.) B.S.G.,Braunia secunda,A. J. Sharp,"June 23, 1973",N/A,Mexico,Oaxaca,N/A,N/A,"Partial shade, moist, road side cliff. Near El Punto on Hwy. 175, Oaxaca","Partial shade, moist, road side cliff. Near El Punto on Hwy. 175, Oaxaca",N/A,21625 m.,N/A,1045248,Typed,no type status
https://fm-digital-assets.fieldmuseum.org/2307/547/C0341169F.jpg,,E.B. Sharp,A.J. Thornburgh,2736,"July 4, 1973",1973-07-04,N/A,Braunia secunda (Hooks) B.S.G.,Braunia secunda,A.J. Sharp,1992,N/A,Mexico,Jalisco,N/A,N/A,"El Mirador on Hwy. 80, 9 mi. above San Martin Hidalgo","El Mirador on Hwy. 80, 9 mi. above San Martin Hidalgo","Partial shade, moist, vertical surface of boulder.",1750 m.,N/A,1045251,Typed,no type status
https://fm-digital-assets.fieldmuseum.org/2307/568/C0341179F.jpg,C. G. Pringle,C G Pringle,N/A,10619,30 Sept. 1908.,1908-09-30,N/A,"Braunia Andreiuxii, Lorentz.",Braunia andrieuii,Det. Efraim De Luna,1992,N/A,Mexico,Jalisco,N/A,N/A,"on rocks near Guadalajara, 5,000 ft.",rocks near Guadalajara,N/A,"5,000 ft.",N/A,172142,Typed,no type status
https://fm-digital-assets.fieldmuseum.org/2307/570/C0341180F.jpg,C. G. Pringle,C. G. Pringle,N/A,10627,1895-09-17,1895-09-17,N/A,Braunia andrieuixii Lor.,Braunia picata,Det. Efraim De Luna,1992,N/A,Mexico,Hidalgo,N/A,N/A,N/A,[precise locality unknown],N/A,N/A,N/A,C0241180F,Typed,no type status
https://fm-digital-assets.fieldmuseum.org/2307/619/C0341205F.jpg,J.E.EGGERS & F.RAHM 23279(13),E.Frahn,Leg. EGGERS & FRAHM,1031423,1992,1992-00-00,N/A,Braunia secunda (Hook.) Bruch & Schimp.,Braunia secunda,E.Frahn,1992,N/A,Mexico,Edu. Veracruz,Sierra Madre,An Der STR.F55,"Zw.Perote + Jalapa, Kiefern-Eichenwald.2300M",[precise locality unknown],N/A,2300M,N/A,C0341205F,Typed,no type status
https://fm-digital-assets.fieldmuseum.org/2307/621/C0341207F.jpg,"F.D.Bowers, C.Delgadillo M., and P. S. White",F. D. Bowers,C. Delgadillo M. | P. S. White,5067,30 December 1972,1972-12-30,N/A,Brnunia secunda (Hook.) B.S.G.,Brnunia secunda,Det. Efrain De Luna,Art. 1992,N/A,Mexico,Durango,N/A,N/A,Oak-pine forest with Madrono along Highway 10 about 9 miles west of La Ciudad.,Oak-pine forest with Madrono along Highway 10 about 9 miles west of La Ciudad.,"On boulder, partial shade, mesic, ridge.",1850 ft.,N/A,1036945,Handwritten,no type status
https://fm-digital-assets.fieldmuseum.org/2307/910/C0341213F.jpg,Collected by: A. J. Sharp,A. J. Sharp,N/A,745,"July 23, 1941",1941-07-23,N/A,Braunia secunda (Hook.) BSG,Braunia secunda,Efrain De Luna,1992,N/A,Mexico,Rio,N/A,N/A,"Siliceous boulder in Rio, above Canteras, D.F.","Siliceous boulder in Rio, above Canteras",N/A,N/A,N/A,C0341213F,Typed,no type status
https://fm-digital-assets.fieldmuseum.org/2307/712/C0341223F.jpg,Collected for a planned Flora of Mexico Sponsored by the Richards Foundation,Det. Erain De Luna,"F. Bowers | A.J. Sharp | F.D. Bowers | D.K. Smith | R.A. Hattraway | Paul Somers, Jr.",4217,"Dec. 19, 1972",1972-12-19,N/A,Braunia squarrulosa (Hampe) C. Muell.,Braunia squarrulosa,F. Bowers,N/A,N/A,Mexico,Chiapas,N/A,N/A,"Yerba Buena, Pueblo Nuevo, northeast of Tuxtla Gutiérrez","Yerba Buena, Pueblo Nuevo, northeast of Tuxtla Gutiérrez","Partial shade, moist, trail side bank",(about 55 km. + 6800 ft),N/A,1045274,Handwritten,no type status
https://fm-digital-assets.fieldmuseum.org/2307/716/C0341228F.jpg,Collected by Collins,F. J. Hermann,,26429,"Feb. 9, 1975",1975-02-09,N/A,Braunia squarrulosa (Hampe) Broth.,Braunia squarrulosa,Det. F.J. Hermann,"Feb. 9, 1975",,Mexico,Chiapas,,S.E. of Chiapas,"On oak trunk, in oak-pine woods, alt. 6800 ft.",S.E. of Chiapas,"On oak trunk, in oak-pine woods",6800 ft.,,1052129,Typed,no type status
https://fm-digital-assets.fieldmuseum.org/2307/719/C0341231F.jpg,"A.J. Sharp, F.D. Bowers, D.K. Smith, R.A. Hattaway, Paul Somers, Jr. det. A.J. Sharp",A.J. Sharp,"F.D. Bowers | D.K. Smith | R.A. Hattaway | Paul Somers, Jr.",2980-α,"Dec. 23, 1972",1972-12-23,N/A,Braunia squarrulosa (Hampe) Broth.,Braunia squarrulosa,Efrain De La Luna,1992,N/A,Mexico,Oaxaca,N/A,N/A,"oak-pine woods, Roadside near km. east of Oaxaca.","oak-pine woods, Roadside near km. east of Oaxaca.",N/A,~6000 ft.,N/A,1045269,Typed,no type status
https://fm-digital-assets.fieldmuseum.org/2307/722/C0341234F.jpg,Efrain Da Luna,E. Da Luna,N/A,No.917,23 July 1949,1949-07-23,N/A,Brnunia squarrulosa (Hampe) Broth.,Braunia squarrulosa,Efrain Da Luna,1992,N/A,Mexico,Jalisco,N/A,N/A,"Slopes of La Ferreria, above Manantlan. Howard A. Crum",[precise locality unknown],"On dead limb, fallen. 7300 feet. Oak forest.",7300 feet,N/A,C0341234F,Typed,no type status
https://fm-digital-assets.fieldmuseum.org/2307/724/C0341237F.jpg,C. G. Pringle,C. G. Pringle,N/A,10550,"17. July, 1908.",1908-07-17,N/A,Braunia squarrulosa (Hpe.) Broth.,Braunia squarrulosa,Det. Efrain De Luna,1992,N/A,Mexico,Federal District,N/A,N/A,"Base of trees, Cima, 10,000 ft.",[precise locality unknown],N/A,"10,000 ft.",N/A,C0241237F,Typed,no type status
https://fm-digital-assets.fieldmuseum.org/2307/725/C0341238F.jpg,"det. Efrain De Luna, 1992",E. De Luna,N/A,s.n.,N/A,N/A,N/A,Braunia squarrosa (Hampe.) Broth.,Braunia squarrosa,E. De Luna,N/A,N/A,Mexico,Chiapas,N/A,N/A,km 100 an der str. ocosingo-san cristobal de las casas,km 100 an der str. ocosingo-san cristobal de las casas,N/A,2250 m.s.m.,"16°15' N, 92°12' W",1031467,Typed,no type status
https://fm-digital-assets.fieldmuseum.org/2307/726/C0341239F.jpg,Collected by Det. Efraín de Luna,E. Luna,N/A,1031495,1992,1992-00-00,N/A,Braunia squarrulosa (Hampe) C. Mueli.,Braunia squarrulosa (Hampe) Broth,E. Luna,N/A,N/A,Mexico,Chiapas,N/A,N/A,KM 100 AN DER STR.OCUISNGO-SAN CRISTOBAL,[precise locality unknown],N/A,2250 MSLM.,N/A,N/A,Typed,no type status
https://fm-digital-assets.fieldmuseum.org/2307/729/C0341242F.jpg,F.J. Hermann,F. J. Hermann,N/A,26429,"February 9, 1975",1975-02-09,N/A,Braunia squarrulosa (Hampe) Broth.,Braunia squarrulosa,Def. Efrain de Luna,1992,N/A,Mexico,Chiapas,N/A,N/A,San Cristobal de Las Casas,"on oak trunk in oak-pine woods along Route 190, alt. 6800 ft, 15 miles SE.",N/A,6800 ft,N/A,1045277,Handwritten,no type status
https://fm-digital-assets.fieldmuseum.org/2307/733/C0341246F.jpg,"Dana Griffin, III | Maria Isabel Morales",Dana Griffin,Maria Isabel Morales,s.n.,4 feb. 1979,1979-02-04,N/A,Braunchia squarrulosa (Hampe) C. Muell.,Braunchia squarrulosa,E.I. Luna,1992,N/A,Costa Rica,San Jose,Copey,N/A,"Vall de Copey, ca. 30 kms al sur de Cartago. Bosque primario montano bajo muy humedo y póteros.","Valle de Copey, ca. 30 km south of Cartago",N/A,2000 m.,N/A,1029423,Handwritten,no type status
https://fm-digital-assets.fieldmuseum.org/2307/735/C0341248F.jpg,Tarija: Burnet O’Connor,S. Churchill,N/A,1183435,4 Ago 2001,2001-08-04,N/A,Hedwigiaccae Braunia exserta C. Muller,Braunia exserta,S. Churchill,2001,N/A,Bolivia,Tarija,Huacayojo,N/A,"Serrania Huacayojo. Ca. 35 km oeste de Entre Rios (carretera a Tarija). Bosque montano Tucumano-Boliviano, remanente. <20792-20809>","Serrania Huacayojo. Ca. 35 km oeste de Entre Rios (carretera a Tarija). Bosque montano Tucumano-Boliviano, remanente.",N/A,2300 m,21°25’S 64°19’W,N/A,Handwritten,no type status
https://fm-digital-assets.fieldmuseum.org/2307/738/C0341251F.jpg,"leg.: Mitt., Jaeg.",Mitt.,Jaeg.,s.n.,27 November 1946,1946-11-27,N/A,Braunia cirrhofolia,Braunia cirrhofolia,W. R. Buck,Det.: W. R. Buck,N/A,Argentina,Prov. Tucuman,Chilcagasta,Rio Cochuna,1000 m a.s.l.,[precise locality unknown],"Subtropical rainforest, epiphyte",1000 m a.s.l.,N/A,1136355,Handwritten,no type status
https://fm-digital-assets.fieldmuseum.org/2307/740/C0341253F.jpg,Marko Lewis,M. Lewis,,79-1625,6 April 1979,1979-04-06,N/A,Braunia cirrhiifolia (Mitt.) Jaeg.,Braunia cirrhiifolia,Efrain De Luna,1992,,Bolivia,La Paz,Larecaja,,"Canyon 1 km. E. of Cachipata, SE of Sorata, 3250 m.",[precise locality unknown],In ravine with waterfall,3250 m.,"15° 48' S., 68° 36' W.",1032380,Typed,no type status
https://fm-digital-assets.fieldmuseum.org/2307/741/C0341254F.jpg,Marko Lewis 82–303,M. Lewis,N/A,82–303,9 Dec 1982,1982-12-09,N/A,Braunia plicata (Mitt.) Jaeg.,Braunia plicata,Dana Griffin III,1990,N/A,Bolivia,La Paz,N/A,N/A,"Along the Rio Chalusuyú, a branch of the Rio San Cristobal, 3 km NW of Sorata","Along the Rio Chalusuyú, a branch of the Rio San Cristobal, 3 km NW of Sorata","Arid woodland and cliff area, many cacti present. At base of cliffs near river amongst a boulder pile in a deep canyon. Small trees, tree cacti and shrubs in shady, protected areas.","1644'S, 68°41'W ca. 2450 m.","1644'S, 68°41'W",1091412,Typed,no type status
https://fm-digital-assets.fieldmuseum.org/2307/742/C0341255F.jpg,Marko Lewis,M. Lewis,N/A,79-1230,22 March 1979,1979-03-22,N/A,Braunia plicata (Mitt.) Jaeg.,Braunia plicata,Efrain De Luna,1992,N/A,Bolivia,La Paz,Larceja,N/A,"DEPTO. LA PAZ, PROV. LARCAJA: Near large red out-crop 2 mi. from Sorata down Rio Consata, 15º 41º S, 68º 43º W.",[precise locality unknown],"Abundant on exposed rock face, 2600 m.",2600 m.,"15º 41º S, 68º 43º W.",1032384,Typed,no type status
https://fm-digital-assets.fieldmuseum.org/2307/744/C0341257F.jpg,M. Lewis,M. Lewis,N/A,79-947,5 March 1979,1979-03-05,N/A,Braunia plicata (Mitt.) Jaeg.,Braunia plicata,Erwin De Luna,1992,N/A,Bolivia,La Paz,Saavedra,N/A,"Depto. La Paz, prov. Saavedra; trail between Charasanani and Niño Karine, NNW of Chuma, 15° 11’ S, 69° 04’ W.","Trail between Charasanani and Niño Karine, NNW of Chuma","Banks of trail, 3200-3240 m.",3200-3240 m.,"15° 11’ S, 69° 04’ W.",1032341,Handwritten,no type status
https://fm-digital-assets.fieldmuseum.org/2307/745/C0341258F.jpg,Marko Lewis,Marko Lewis,N/A,79-940,5 March 1979,1979-03-05,N/A,Braunia pilicata (Mitt.) Jaeg.,Braunia pilicata,Det. Efraín De Luna,1992,N/A,Bolivia,La Paz,Prov. Saavedra,N/A,"Depto. La Paz, Prov. Saavedra: Trail between Charasana and Niño Karine, NNW of Chuma, 15°11’ S, 69°04’ W.",[precise locality unknown],"Banks of trail, 3200 m.",3200 m.,"15°11'S, 69°04'W",1032381|C034125BF,Typed,no type status
https://fm-digital-assets.fieldmuseum.org/2307/750/C0341263F.jpg,Marko Lewis,M. Lewis,,79-935,5 March 1979,1979-03-05,N/A,Hedwigidim integrifolium (P. Beauv.) Dix.,Hedwigidim integrifolium,Efrain De Luna,Nov. 1991,Braunia rupestris,Bolivia,La Paz,,,"Along bank of trail, 3200 m. DEPTO. LA PAZ, PROV. SAAVEDRA: Trail between Charasani and Nino Karine, NNW of Chuma, 15°11’S, 69°04’W.",[precise locality unknown],N/A,3200 m.,"15°11’S, 69°04’W.",1032366,Typed,no type status
https://fm-digital-assets.fieldmuseum.org/2307/751/C0341264F.jpg,Marko Lewis,M. Lewis,N/A,79-615,10 February 1979,1979-02-10,N/A,Bryophyita of Bolivia Hedwigidium integrifolium,Hedwigidium integrifolium,Frarin De Luna,Nov. 1991,Braunia rupestris,Bolivia,Depto. Tarija,Prov. Mendez,N/A,"Iscayachi, E. slope of mountains (hike from summit of road into canyon N. of Tarija-Iscayachi Hwy.), 21° 27′ S, 64° 54′ W.",[precise locality unknown],"Dirt bank in Khefwa forest, 3350 m.",3350 m.,"21° 27′ S, 64° 54′ W.",C0341264F,Typed,no type status
https://fm-digital-assets.fieldmuseum.org/2307/752/C0341265F.jpg,"M. Dillon, U. Molau, & P. Matekaii",M. Dillon,U. Molau | P. Matekaii,3128D,28 Jan. 1983,1983-01-28,N/A,Braunia secunda (Hook.) B.S.G.,Braunia secunda,Dana Griffin III,28 Jan. 1983,N/A,Peru,Depto. Ancash,Prov. Yungay,N/A,"Ca. 25 km NE of Yungay, slopes below Laguna de Llanganuco.","Ca. 25 km NE of Yungay, slopes below Laguna de Llanganuco.",Growing on branches.,+ 3380 m.,N/A,C03041265,Typed,no type status
https://fm-digital-assets.fieldmuseum.org/2307/753/C0341266F.jpg,Erain De Luna,E. De Luna,,577,3 marzo 1985,1985-03-03,N/A,Brnunia secunda (Hook.) BSG,Brnunia secunda,Dana Griffin III,N/A,N/A,Venezuela,N/A,N/A,N/A,"Quebrada Gavidia, al sur de Múches, entre la Peña La Virgen y el puente de Poroto, cerca del pueblo de Gavidia. Paramo con Espeletia schultzii.","Quebrada Gavidia, al sur de Múches, entre la Peña La Virgen y el puente de Poroto, cerca del pueblo de Gavidia.",Paramo con Espeletia schultzii,"3,100-3,200 m",N/A,1064457,Handwritten,no type status
https://fm-digital-assets.fieldmuseum.org/2307/755/C0341268F.jpg,Marko Lewis,M. Lewis,N/A,79-489A,2 February 1979,1979-02-02,N/A,Braunia subincana Broth. Braunia laxifolia Herz.,Braunia subincana,Efrain De Luna,1992,Braunia laxifolia,Bolivia,Tarija,O'Connor,Casteon,"On rocks in dry deciduous forest, 1750 m.","Depto. Tarija, Prov. O'Connor; Casteon, at summit of mountain above and W. of Entre Rios, along road to Tarija, 21°28' S, 64°12' W.",N/A,1750 m.,"21°28' S, 64°12' W.",1032377,Typed,no type status
https://fm-digital-assets.fieldmuseum.org/2307/757/C0341270F.jpg,Purchased in market at Cochabamba,F. J. Hermann,,25278,1972-12-24,1972-12-24,N/A,Braunia subincana Broth.,Braunia subincana,Erlain De Luna,1992,,Bolivia,Departamento de Cochabamba,,,Province of Chapare,Province of Chapare,,alt. ca. 9500 ft,,C0341270F,Typed,no type status
https://fm-digital-assets.fieldmuseum.org/2308/102/C0341698F.jpg,S.R. Gradstein & M. Lewis,S.R. Gradstein,M. Lewis,7560,12 November 1989,1989-11-12,N/A,BRYOPHYTA NEOTROPICA EXSICCATA Fasc. V (1990) edited by S. Rob. Gradstein Racomitrium intermedium Hampe det. B.O. van Zanten,Racomitrium intermedium,B.O. van Zanten,N/A,N/A,Bolivia,Dept. Cochabamba,Prov. Chapare,N/A,"5 km S of road Cochabamba - Villa Tunari km 95, alt. 2300 m.",5 km S of road Cochabamba - Villa Tunari km 95,On cliff under scrub in area of wet meadows and secondary woodlands.,2300 m.,N/A,1091583,Typed,no type status
https://fm-digital-assets.fieldmuseum.org/2308/191/C0341739F.jpg,Marko Lewis,M. Lewis,N/A,83–503,7 Feb 1983,1983-02-07,N/A,Racopilum tomentosum (Hedw.) Brid.,Racopilum tomentosum,N/A,N/A,N/A,Bolivia,Depto. La Paz,Prov. Nor Yungas,N/A,"'Corico', 1 km S of Coroico along road between Coroico and Yolosa",N/A,Fruit and coffee plantations. On rocks in shady fruit orchard.,"1611 m, 67°43'W ca. 1650 m.",N/A,N° 1100456,Typed,no type status
https://fm-digital-assets.fieldmuseum.org/2308/199/C0341763F.jpg,"Ynet Mexia, Fazenda de F. Lopez",Ynet Mexia,Fazenda de F. Lopez,5281-a,"Nov. 11, 1930",1930-11-11,N/A,Rhacomitrium tomentosum (Hedw.) Brid.,Rhacomitrium tomentosum,Bartram,N/A,N/A,Brazil,Minas Gerais,N/A,N/A,On rotting log,[precise locality unknown],Cut over woods,Alt. 720 m.,N/A,C0341763F,Typed,no type status
https://fm-digital-assets.fieldmuseum.org/2308/207/C0341787F.jpg,S.R. Gradstein & W.A. Weber,S. R. Gradstein,W. A. Weber,M-58.,24.IV.1976,1976-04-24,N/A,Rhacopillum tomentosum (Hedw.) Brid.,Rhacopillum tomentosum,W. A. Weber,N/A,N/A,Galapagos Islands,Isla Floreana,N/A,N/A,"Psidium guajava woodlands and pampas east of Cruz Farm, on rather dry shaded rocks","Psidium guajava woodlands and pampas east of Cruz Farm, on rather dry shaded rocks",GALAPAGOS ISLANDS. Isla Floreana.,alt. : 250–350 m,N/A,1023912,Handwritten,no type status
https://fm-digital-assets.fieldmuseum.org/2308/209/C0341789F.jpg,"Saullumaur, Balsas u. Leimembaha, Erde, Mauer, zvv. Srauch, Hoiz, See, Bach",H. Eggewald,P. E. Hgewald,6726,31.8.1973,1973-08-31,N/A,Racopilum tomentosum (Hedw.) Brid.,Racopilum tomentosum,H. Eggewald,31.8.1973,N/A,Peru,Amazonas,Prov.Chachapoyas,N/A,N/A,[precise locality unknown],N/A,N/A,N/A,1026724,Typed,no type status
https://fm-digital-assets.fieldmuseum.org/2308/214/C0341798F.jpg,,J. & P. A. Florschütz,,4715,18.XII.1975,1975-12-18,N/A,MUSCI SURINAMENSES Comm. ex Herb. Acad. Rheno-Traj. Racopilim tomentosum (Hedw.) Brid.,Racopilum tomentosum,P. A. Florschütz & J. Florschütz-de Waard,N/A,,Suriname,Brownsberg,,,trail to Leo fall,trail to Leo fall,On decaying log.,,,1028580,Typed,no type status
https://fm-digital-assets.fieldmuseum.org/2308/115/C0341803F.jpg,"Collected by E. Linares, S.R. Gradstein and B.O. van Zanten",E. Linares,S.R. Gradstein | B.O. van Zanten,1543,26 Sept. 1984,1984-09-26,N/A,"BRYOPHTA NEOTROPICA EXSICCATA Fascicle II (1986), edited by S. Rob Gradstein distributed by the Institute of Systematic Botany, Utrecht",Racopilum tomentosum,S. Rob Gradstein,N/A,N/A,Colombia,Dept. Meta,Villavicencio,N/A,"forest of the Bavaria brewery near rio Guatiquia, alt. 600 m. On log in forest","forest of the Bavaria brewery near rio Guatiquia, alt. 600 m. On log in forest",N/A,alt. 600 m,N/A,1065598,Typed,no type status
https://fm-digital-assets.fieldmuseum.org/2308/218/C0341804F.jpg,Marko Lewis,M. Lewis,N/A,83-511,7 Feb 1983,1983-02-07,N/A,Racopilum tomentosum (Hedw.) Brid.,Racopilum tomentosum,N/A,N/A,N/A,Bolivia,La Paz,N/A,N/A,Depto. La Paz Prov. Nor Yuncas: 'Coroico' 1 km S of Coroico along road between Coroico and Yolosa.,1 km S of Coroico along road between Coroico and Yolosa,Fruit and coffee plantations. Bark of fruit trees in orchard,1600 m.,"16°11′S, 67°43′W ca. 1650 m.",1100344,Typed,no type status
https://fm-digital-assets.fieldmuseum.org/2308/219/C0341805F.jpg,M. Cardenas,M. Cardenas,N/A,8190a,"Sept. 15, 1936",1936-09-15,N/A,Rhacomitrium tomentosum (Sw.) Brid.,Rhacomitrium tomentosum,Bartram,N/A,N/A,Peru,Huanuco,N/A,N/A,Distrito y Provincia Huanuco; Hacienda Mercedes; Poca Perga; old tree trunk in dense shade.,Distrito y Provincia Huanuco; Hacienda Mercedes; Poca Perga; old tree trunk in dense shade.,N/A,Alt. 1950 m.,N/A,C0341805F,Typed,no type status
https://fm-digital-assets.fieldmuseum.org/2308/220/C0341806F.jpg,"Dept. Botanico, Universidad de San Marcos",N/A,N/A,s.n.,"Sept. 9,1936",1936-09-09,N/A,Rhacomitrium tomentosum (Sw.) Brid.,Rhacomitrium tomentosum,Bartram,N/A,N/A,Peru,Departamento and Provincia Huanucu.,N/A,N/A,Distrito Churumbamba; Hacienda Exito; bank of Rio Yzabal; on rock in wood.,[precise locality unknown],N/A,Alt. 1100 m.,N/A,1036304,Typed,no type status
https://fm-digital-assets.fieldmuseum.org/2308/221/C0341807F.jpg,Ynes Mexia,Y. Mexia,,8168a,"Sept. 9,1936",1936-09-09,N/A,Rhacopilu tomentosum (Sw.) Brid.,Rhacomitrium tomentosum,Bartram,,,Peru,Departamento and Provincia Huanuco,,,Distrito Chubamba; Hacienda Exito; bank of Rio Ysabel; on rock in woods. Alt. 1100 m.,bank of Rio Ysabel; on rock in woods.,,Alt. 1100 m.,,C0341807F,Typed,no type status
https://fm-digital-assets.fieldmuseum.org/2310/761/C0341828F.jpg,"(Collected in Collaboration with Instituto de Ciencias Naturales, Bogota)",Det. H. A. Crum,Richard Evans Schultes|Richard Evans Schultes|Richard Evans Schultes,16563,"May 19, 1952",1952-05-19,N/A,Leucomium lignicola Spruce ex Mitt. & Callicostella aspera (Mitt.) Jaeg.,Leucomium lignicola,Det. H. A. Crum,N/A,N/A,Colombia,Amazonas,N/A,N/A,Rio Mitupara´n¨: Cafio Guacay¨a.,Rio Mitupara´n¨: Cafio Guacay¨a.,"On wet, fallen log.",Altitude about 700 feet.,"Lat. 0º 30' S, Long. 70º 40' W",Nº 1055465,Typed,no type status
https://fm-digital-assets.fieldmuseum.org/2310/772/C0341834F.jpg,"Dana Griffin, III, Orlando Rangel y Julio-Agosto 1977.","Dana Griffin, III",Orlando Rangel | Julio-Agosto 1977.,"50,186",Julio-Agosto 1977.,1977-07-00,1977-08-00,Leucomum lignicola Spr. ex Mitt.,Leucomum lignicola,"Dana Griffin, III",1977,N/A,Colombia,Magdalena,N/A,N/A,Parque Nacional de la Sierra Nevada de Santa Marta. Verticiente oriental del Rio Buritaca. Bosque nublado montano bajo.,[precise locality unknown],N/A,"Sobre raíz a ras del suelo, alt. 1600-1700 m.",N/A,1029476,Typed,no type status
https://fm-digital-assets.fieldmuseum.org/2311/202/C0341890F.jpg,S.P. Churchill et al.,S. P. Churchill,F. Gonzale|M. Kessler|P. Sklenar,15466,6 July 1987,1987-07-06,N/A,330. Trachyxyphium tenu (Mitt.) Buck (= Hookeriopsis tenue Mitt.) det. S.P. Churchill,Trachyxyphium tenue,S. P. Churchill,N/A,N/A,Colombia,Antioquia,Mun. de la Union,Cerro San Miguel,"5°55’N, 75°17’W, alt. 2460-2620 m.",[precise locality unknown],In secondary montane forest.,2460-2620 m.,"5°55’N, 75°17’W",1139980,Typed,no type status
https://fm-digital-assets.fieldmuseum.org/2310/492/C0341932F.jpg,"Dana Griffin III, Maria Isabel Morales y Dora Emilia de Retana",D. Griffin,M. Morales | D. Retana,215,"Julio 3-4, 1977",1977-07-03,1977-07-04,Hypnella pilifera (Hook. et Wils.) Jaeg.,Hypnella pilifera,R. M. Schuster,1980,N/A,Costa Rica,Cartago,N/A,N/A,"Reserva Forestal Tapanti, vertiente oriental del Rio Macho",Bosque muy humedo montano bajo.,On trunk of tree.,"Alt. 1,600 m.",1340-1600 m.,1025621,Typed,no type status
https://fm-digital-assets.fieldmuseum.org/2310/951/C0342106F.jpg,"Estado Bolivar, Venezuela",E. B. Bartram,N/A,34365,1952-53,1952-01-01,1953-01-01,Hypnella cymbifolia (Hpe.) Jaeg.,Hypnella cymbifolia,E. B. Bartram,February 11 1953,N/A,Venezuela,Bolivar,N/A,N/A,New York Botanical Garden — American Museum of Natural History,Slope forest Tiripen-tepui,"Frequent on fallen logs in forest between Camps 3 and 2, elev. 1250 – 1200 m.",1250 – 1200 m.,N/A,1026297,Typed,no type status
https://fm-digital-assets.fieldmuseum.org/2310/953/C0342107F.jpg,Collected along the Rio Negro between Manaus and Sao Gabriel,William R. Buck,N/A,2445,9-12 July 1979,1979-07-09,1979-07-12,Hookeriopsis parkeriana (Hook. & Grev.) Jaeg.,Hookeriopsis parkeriana,N/A,N/A,N/A,Brazil,Amazonas,N/A,N/A,"Slopes and summit of Serra Curicurati, from Igarapé Arabu of the Rio Curicurati; 00°20'S, 66°50'W. 450 m at summit.","Slopes and summit of Serra Curicurati, from Igarapé Arabu of the Rio Curicurati; 450 m at summit.",On branches at summit.,450 m,"00°20'S, 66°50'W.",C042107F,Typed,no type status
https://fm-digital-assets.fieldmuseum.org/2310/974/C0342117F.jpg,Robin B. Foster 4722,R. B. Foster,N/A,4722,30 July 1981,1981-07-30,N/A,Hypnnella pilifer Hook. & Wils.) Jaeg.,Hypnnella pilifer,W. C. Steere,30 July 1981,N/A,Peru,Pasco,N/A,N/A,"E slope of Cordillera Yanachaga, on Tunque-Chuchurras trail, 1900 m.","E slope of Cordillera Yanachaga, on Tunque-Chuchurras trail, 1900 m.",Wet Manania forest.,1900 m.,"10°30'S, 75°30'W.",1059405,Typed,no type status
https://fm-digital-assets.fieldmuseum.org/2310/987/C0342123F.jpg,J.W. Fitzpatrick & D.E. Willard,J.W. Fitzpatrick,D.E. Willard,s.n.,4 Dec. 1981,1981-12-04,N/A,Hypnella filifera (Hook. & Wils.) Jaeg.,Hypnella filifera,W.C. Steere,N/A,N/A,Peru,N/A,N/A,N/A,"Slopes above Pillahuata, near km. #126 on Cosmipata Hwy., 2850 m.","Slopes above Pillahuata, near km. #126 on Cosmipata Hwy.",Extremely mossy elfin cloud forest near shallow ravine.,2850 m.,"13°11’S, 71°22’W.",C0342123F,Typed,no type status
https://fm-digital-assets.fieldmuseum.org/2311/048/C0342153F.jpg,S.P. Churchill et al. 18335,S. P. Churchill,N/A,18335,11 July 1992,1992-07-11,N/A,Hypnella diversifolia (Mitt.) Jaeg.,Hypnella diversifolia,S. P. Churchill,1996,N/A,Colombia,Antioquia,N/A,N/A,"Mun. de Valdivia, road to Pueblo Nuevo, Ventanas, 7°5' N, 75°25' W, alt. 1950 m. On talud, in secondary montane forest.",[precise locality unknown],secondary montane forest,1950 m.,"7°5' N, 75°25' W",1139992,Typed,no type status
https://fm-digital-assets.fieldmuseum.org/2311/060/C0342159F.jpg,John J. Wurdack,J. J. Wurdack,N/A,1026299,"January 7, 1953",1953-01-07,N/A,Hypnella cymbifolio (Hpe.) Jaeg.,Hypnella cymbifolio,E. B. Bartram,N/A,N/A,Venezuela,Estado Bolivar,N/A,N/A,Estadó Bolivar - Venezuela,"Fruiting scantily on logs. Occasional in rain-forest between Camps 2 and 3, elev. 1200-1250 m.",Fruiting scantily on logs.,1200-1250 m,N/A,N/A,Typed,no type status
https://fm-digital-assets.fieldmuseum.org/2311/071/C0342164F.jpg,Robin B. Foster 4720,R. B. Foster,N/A,4720,30 July 1981,1981-07-30,N/A,Hypnella pallescens (Hook.) Jaeg.,Hypnella pallescens,W. C. Steere,30 July 1981,N/A,Peru,Pasco,N/A,N/A,"E slope of Cordillera Yanachaga, on Tunque-Chuchurras trail, 1900 m.","E slope of Cordillera Yanachaga, on Tunque-Chuchurras trail",Wet mannia forest,1900 m.,"10°30'S, 75°30'W",C0342164F,Handwritten,no type status
https://fm-digital-assets.fieldmuseum.org/2311/073/C0342165F.jpg,Collected by John J. Wurdack,J. J. Wurdack,N/A,34365,"February 11, 1953",1953-02-11,N/A,Hypnella cymbifolia (Hedw.) Jaeg.,Hypnella cymbifolia,E. B. Bartram,N/A,N/A,Venezuela,Estado Bolivar,N/A,N/A,Between camps 3 and 2,On fallen logs in forest,N/A,1250-1200 m,N/A,1026300,Typed,No type status
https://fm-digital-assets.fieldmuseum.org/2314/809/C0342515F.jpg,Collected by T. Husnot,T. Husnot,N/A,109,N/A,N/A,N/A,Weissia compacta,Weissia compacta,T. Husnot,N/A,N/A,France,N/A,N/A,N/A,N/A,[precise locality unknown],N/A,N/A,N/A,1084497,Typed,No type status
https://fm-digital-assets.fieldmuseum.org/2303/929/C0398471F.jpg,Coll. H. INOUYE,H. Inoue,N/A,1021837,"Jan. 11, 1973",1973-01-11,N/A,BRYOPHYTA SELECTA EXSICCATA Macromitrium japonicum Doz. et Molk.,Macromitrium japonicum,Z. Iwatsuki,Det.,N/A,Japan,Iriomote Isl.,Ryukyu Isls.,N/A,On bark of Pinus thunbergii,Around Shirahama,elevation about 10 m,about 10 m,N/A,C0589471F,Typed,no type status
https://fm-digital-assets.fieldmuseum.org/2298/760/C0399126F.jpg,,E. R. Reitz,E. P. Barrtram,"N. 2,464",Data 17.12.1948,1948-12-17,N/A,Campylopus arctocarpus (Hornsch.) Mitt.,Campylopus arctocarpus,N/A,N/A,N/A,Brazil,Santa Catarina,Rupestree,Dom Retiro,Campo dos Padres,[precise locality unknown],Erva,Altit. 2000 m.,N/A,C3399129F,Handwritten,no type status
https://fm-digital-assets.fieldmuseum.org/2298/823/C0399179F.jpg,Frahm,Frahm,N/A,1026026,22.7.1977,1977-07-22,N/A,Campylopus arctocarpus (Hornsch.) Mitt.,Campylopus arctocarpus,Frahm,22.7.1977,N/A,Brazil,Leeseite,Bareires,Sao Paulo,Serra do Bocaina,Serra do Bocaina,epiphytisch im Podocarpus-Wald,1200 m,N/A,C0391797F,Typed,no type status
https://fm-digital-assets.fieldmuseum.org/2298/847/C0399191F.jpg,veits N. 2.9993,veits,N/A,C0399191F,29.1.1928,1928-01-29,N/A,Campylopus atrocarpus (Hornsch.) Mitt.,Campylopus atrocarpus,N/A,1945,N/A,BRAZIL,N/A,N/A,N/A,"Morrredo Bau, Itaia","Morrredo Bau, Itaia",Rapestre,Altit. 200 - m.,N/A,APR 1956,Handwritten,no type status
https://fm-digital-assets.fieldmuseum.org/2301/652/C0679833F.jpg,Jan-Peter Frahm,J. Frahm,,591987,s.d.,,N/A,Campylopus griseus,Campylopus griseus,N/A,N/A,,Brazil,São Paulo,,,"São Paulo, Pedra Grande bei Atibaia, Campo-Vegetation im Gipfelbereich, Sickerfeucht",[precise locality unknown],,1400 m,,C087863F,Typed,no type status
https://fm-digital-assets.fieldmuseum.org/2301/660/C0679841F.jpg,Collected by J.-P. Frahm,J. P. Frahm,N/A,C6679841E,6.9.1982,1982-06-09,N/A,Campylopus heterostachys (Hamp.) Jaeg.,Campylopus heterostachys,J. P. Frahm,6.9.1982,N/A,Peru,Dep. Amazonas,Strafe Cajamarca,Nebelwald,"- Chachapoyas km 417,5 oberhalb Leimebamba, auf übererdetem Steinblock im",[precise locality unknown],N/A,2600 m.,N/A,Nº 1053590,Typed,no type status
